Country Name,Series Name,1990,1991,1992,1993,1994,1995,1996,1997,1998,1999,2000,2001,2002,2003,2004,2005,2006,2007,2008,2009,2010,2011,2012,2013,2014,2015
Low income,"Literacy rate, adult total (% of people ages 15 and above)",46.36885,46.62825,46.96216,47.25052,47.84493,48.13387,48.50648,49.25546,49.79527,50.34502,50.67088,51.36116,51.64633,52.2903,54.1117,53.26303,53.08421,54.23258,53.40461,54.6644,54.75829,56.81752,57.95468,58.38585,59.2793,59.75239
Low income,GDP per capita (current US$),296.6170898,294.5175138,253.0355421,244.9700437,200.8750892,225.2850946,244.3895633,245.9465147,242.0931475,235.9365445,265.0667412,232.8642908,244.6226707,261.277159,289.6596428,325.4514011,354.221683,412.362572,483.1282257,497.7646262,522.0282831,571.2246958,598.2791502,629.2776041,659.3436492,626.9138919
Low income,Net official development assistance and official aid received (current US$),11572580000,11387240000,12491390000,11017410000,12155080000,11548050000,9956940000,9488250000,9298280000,8501600000,8323390000,10146880000,13656330000,19147330000,19224670000,19413850000,21917500000,26726290000,30027000000,32456300000,36539980000,37720170000,35172070000,35381030000,35136420000,33983290000
Lower middle income,"Literacy rate, adult total (% of people ages 15 and above)",57.80083,58.3053,59.2215,59.95408,60.65868,61.33435,62.07624,62.7121,65.84399,66.48792,66.67575,67.18486,68.01937,68.84452,69.55523,69.40597,69.41222,69.83738,70.7936,71.43398,72.71435,72.24664,74.21019,74.65994,75.36975,75.83826
Lower middle income,GDP per capita (current US$),478.3402371,451.0722163,460.7729768,458.8016295,488.4017744,537.9191293,579.6203849,587.1580827,518.5568096,553.3706781,574.9042197,570.0716681,602.4015207,679.2832343,763.661047,866.3744719,1015.09352,1229.302148,1361.745875,1373.618214,1693.013089,1885.74899,1947.73219,2001.840877,2075.893344,2025.929064
Lower middle income,Net official development assistance and official aid received (current US$),26332280000,27575110000,25500050000,21777200000,25053680000,22750220000,22012930000,18720620000,19972680000,21019000000,19526780000,21690310000,21919560000,22435970000,23993450000,34829290000,40587140000,32290950000,36255120000,41023030000,40289130000,41445610000,42929350000,54386050000,50874580000,47852620000
Afghanistan,"Literacy rate, adult total (% of people ages 15 and above)",..,..,..,..,..,..,..,..,..,..,..,..,..,..,..,..,..,..,..,..,..,31.74112,..,..,..,..
Afghanistan,GDP per capita (current US$),..,..,..,..,..,..,..,..,..,..,..,117.4096908,187.845095,198.7285436,219.1413528,250.2941299,272.563077,369.835796,373.3611163,445.8932979,553.3002894,603.5370231,669.0090509,631.7449706,612.0696514,569.5779229
Afghanistan,Net official development assistance and official aid received (current US$),121720000,507530000,204900000,223800000,226420000,212530000,169630000,230750000,164200000,142860000,136010000,410360000,1309770000,1593670000,2310640000,2837950000,2962000000,4964910000,4875860000,6234000000,6471680000,6867050000,6668030000,5152540000,4945130000,4239180000
Angola,"Literacy rate, adult total (% of people ages 15 and above)",..,..,..,..,..,..,..,..,..,..,..,67.40542,..,..,..,..,..,..,..,..,..,..,..,..,66.03011,..
Angola,GDP per capita (current US$),823.7921843,965.3612964,438.3205196,393.7845209,293.2782224,353.1820451,512.6209659,506.8849522,415.6933459,385.7688535,555.2969419,526.168743,711.181716,779.4683056,1041.086844,1443.991929,2062.415149,2878.837144,3868.578883,3347.84485,3529.053482,4299.012889,4598.249988,4804.616884,4709.312024,3695.793748
Angola,Net official development assistance and official aid received (current US$),265770000,277080000,343590000,289390000,447070000,416420000,459310000,354660000,335270000,387540000,302210000,282730000,414030000,493500000,1144570000,414680000,163520000,247670000,369040000,238930000,235160000,192940000,243610000,285540000,235390000,380090000
Bangladesh,"Literacy rate, adult total (% of people ages 15 and above)",..,35.3193,..,..,..,..,..,..,..,..,..,47.4855,..,..,..,..,..,46.6636,..,..,..,47.07731,..,..,..,..
Bangladesh,GDP per capita (current US$),297.5679945,284.7255998,285.0954994,291.7144952,290.652464,319.6086944,382.9357493,389.5236244,395.2974607,397.3548219,405.6033071,402.5981152,400.6135745,432.7388972,460.7579167,484.1554071,494.0501466,541.0651484,615.7775411,681.1205368,757.6717572,835.7893401,856.342857,951.8894535,1084.56543,1210.158769
Bangladesh,Net official development assistance and official aid received (current US$),2092760000,1880240000,1818390000,1383260000,1742890000,1281740000,1228070000,1012360000,1162860000,1219490000,1174330000,1045000000,900550000,1397870000,1416830000,1320430000,1222890000,1512900000,2070900000,1227080000,1404600000,1491530000,2151700000,2633590000,2422640000,2570240000
Benin,"Literacy rate, adult total (% of people ages 15 and above)",..,..,27.24525,..,..,..,..,..,..,..,..,..,34.65785,..,..,..,28.70211,..,..,..,..,..,32.94882,..,..,..
Benin,GDP per capita (current US$),393.6862144,385.753616,317.9628553,411.9260305,279.6665043,367.387341,387.4329246,361.1002698,379.442354,403.6237038,374.1923942,378.736054,418.6985763,519.2922847,583.4093514,601.799977,625.830092,706.0535419,820.1513498,793.45243,757.6959074,825.9427854,837.9505001,915.2674586,943.686575,783.947091
Benin,Net official development assistance and official aid received (current US$),266880000,265660000,269040000,287760000,256380000,280560000,288290000,221150000,205230000,212440000,244770000,280420000,221540000,301990000,391790000,349080000,400310000,475300000,636720000,677570000,689270000,672610000,507880000,660200000,599320000,430220000
Bhutan,"Literacy rate, adult total (% of people ages 15 and above)",..,..,..,..,..,..,..,..,..,..,..,..,..,..,..,52.81469,52.81469,52.81469,52.81469,52.81469,52.81469,52.81469,57.0336,..,..,..
Bhutan,GDP per capita (current US$),557.9721483,465.3885839,471.8392542,449.688254,524.2981458,588.5939027,609.3430176,692.1262064,695.2902533,751.5757717,765.8632358,807.9387673,885.6382245,997.7417141,1097.457088,1247.061392,1335.456906,1741.142552,1795.181307,1770.234497,2178.921383,2458.045976,2422.008016,2350.882889,2504.717407,2615.31022
Bhutan,Net official development assistance and official aid received (current US$),46000000,61410000,56160000,65150000,75100000,73220000,59520000,66020000,56220000,67160000,53390000,60780000,73400000,76900000,78260000,90100000,95720000,90940000,85080000,127310000,131380000,141220000,161650000,136800000,130640000,97280000
Burkina Faso,"Literacy rate, adult total (% of people ages 15 and above)",..,13.56923,..,..,..,..,12.84817,..,..,..,..,..,..,21.82292,..,23.55372,22.47258,28.72921,..,..,..,..,..,..,34.5994,..
Burkina Faso,GDP per capita (current US$),351.9793229,346.4106724,240.963481,244.1270735,193.0702363,235.8321973,249.3602944,229.4931177,255.7182334,265.3401156,226.4759814,235.4912324,260.7635413,332.3443051,371.3230865,406.9988071,422.6332374,475.1100122,569.7612784,552.7455521,575.4464527,666.8404101,673.8228182,699.781537,703.8216565,575.3144542
Burkina Faso,Net official development assistance and official aid received (current US$),326530000,419650000,433380000,468990000,433100000,490450000,419240000,369110000,400120000,398760000,179780000,390940000,440270000,540840000,647380000,698190000,900550000,942710000,1000370000,1083700000,1044610000,981980000,1151640000,1045220000,1123510000,997050000
Burundi,"Literacy rate, adult total (% of people ages 15 and above)",37.38472,..,..,..,..,..,..,..,..,..,59.30362,..,..,..,..,..,..,..,48.08406,..,..,..,..,..,61.56973,..
Burundi,GDP per capita (current US$),209.0516152,210.6438772,191.310913,162.635225,157.5430015,167.7991717,143.8532933,159.1755281,144.4746122,128.6964397,135.9984455,133.7427689,122.4335893,112.8493703,127.4296648,150.5070434,165.8794176,170.7999005,196.2472628,204.9446502,231.1943256,260.4799073,265.2856051,282.7555252,312.7489794,300.6765569
Burundi,Net official development assistance and official aid received (current US$),262550000,256400000,309280000,216950000,311110000,286950000,110520000,56400000,68750000,75100000,93310000,139250000,171910000,227600000,358820000,365580000,432020000,480000000,523240000,561480000,627910000,571770000,523260000,558830000,515400000,366540000
Cambodia,"Literacy rate, adult total (% of people ages 15 and above)",..,..,..,..,..,..,..,..,67.33503,..,..,..,..,..,73.60995,..,..,..,77.58654,73.90003,..,..,..,..,..,..
Cambodia,GDP per capita (current US$),..,..,..,254.1791425,270.6091637,323.0099928,319.3632544,304.837993,269.054641,295.9735957,300.6850949,321.2263004,339.0676984,362.4213785,408.6105184,474.2238766,539.8791529,631.675789,745.7877873,738.2326684,785.6928841,882.4901462,950.0244132,1028.419568,1098.687123,1163.18977
Cambodia,Net official development assistance and official aid received (current US$),41310000,89710000,200520000,300510000,313350000,551000000,416530000,335440000,337670000,277450000,396390000,415350000,486340000,517290000,485770000,538570000,531400000,675900000,744230000,721130000,733980000,792430000,807690000,808210000,802680000,677060000
Central African Republic,"Literacy rate, adult total (% of people ages 15 and above)",..,..,..,..,..,..,..,..,..,..,50.64517,..,..,..,..,..,..,..,..,..,36.75261,..,..,..,..,..
Central African Republic,GDP per capita (current US$),490.0745619,456.8977858,456.074154,401.9779716,260.4835711,332.6773772,293.3188854,266.6076447,268.9004231,271.8551165,243.5429317,243.1586486,253.7068343,286.2508019,313.210598,327.1149461,347.6073678,397.1480467,456.8614334,449.9601839,446.4434494,494.3306779,486.410114,337.4849614,377.1320274,348.381417
Central African Republic,Net official development assistance and official aid received (current US$),248890000,173440000,177650000,171740000,167560000,167780000,169130000,91550000,120620000,118760000,75900000,76210000,60010000,51500000,110060000,88970000,133590000,176990000,257350000,239470000,260990000,268780000,228020000,202820000,611010000,486940000
Chad,"Literacy rate, adult total (% of people ages 15 and above)",..,..,..,10.89465,..,..,..,..,..,..,25.65421,..,..,..,28.38143,..,..,..,..,..,..,..,..,..,..,26.00299
Chad,GDP per capita (current US$),291.8661593,305.2216778,296.3964872,223.2061727,174.2195487,206.5386927,221.9742723,206.1441026,224.8661479,190.8359826,166.0231785,197.3156442,220.8054821,292.5914364,454.6765879,660.2421396,712.1847694,801.683884,929.7702391,804.4559039,896.5697341,989.2363633,973.4702574,986.0103177,1025.998515,777.2487051
Chad,Net official development assistance and official aid received (current US$),310580000,262310000,236700000,223470000,212290000,235020000,295780000,227960000,174440000,187930000,131330000,188600000,229250000,251990000,332080000,386440000,290730000,360650000,422230000,558330000,490160000,457360000,474840000,459340000,391930000,606670000
Comoros,"Literacy rate, adult total (% of people ages 15 and above)",..,..,..,..,..,..,..,..,..,..,68.48923,..,..,..,..,..,..,..,..,..,..,..,49.19614,..,..,..
Comoros,GDP per capita (current US$),607.4694013,582.3065192,609.9032196,586.6533885,401.8409364,487.797973,471.721275,422.5487938,417.928473,420.8779342,375.8528566,395.9319363,433.2691451,544.5066526,616.4197236,621.9033702,648.3008717,720.7593013,795.9705019,778.5454199,769.1742883,829.7586885,788.632653,834.3410949,852.9543079,727.6463868
Comoros,Net official development assistance and official aid received (current US$),44880000,63300000,47870000,48620000,38700000,41600000,39200000,30200000,40620000,22090000,19310000,27670000,27580000,24610000,25880000,23140000,32000000,45050000,42040000,50790000,68330000,52210000,98810000,81230000,74950000,65780000
"Congo, Dem. Rep.","Literacy rate, adult total (% of people ages 15 and above)",..,..,..,..,..,..,..,..,..,..,..,67.17299,..,..,..,..,..,61.20555,..,..,..,..,75.01719,..,..,..
"Congo, Dem. Rep.",GDP per capita (current US$),270.1105809,253.0421708,219.7342375,275.7352838,144.5206962,135.6734781,134.939947,138.964642,138.615476,102.6447985,405.4696531,153.6995733,175.1360715,173.9163518,194.1667863,218.5235092,252.8430454,280.1217437,318.1201341,..,318.0757516,357.4834938,398.1406948,420.87049,461.5680853,474.9360481
"Congo, Dem. Rep.",Net official development assistance and official aid received (current US$),895790000,475280000,268520000,177820000,244810000,194750000,166160000,157880000,127020000,135510000,178440000,246640000,1176170000,5417030000,1919150000,1881800000,2197240000,1350840000,1767600000,2357760000,3483980000,5526470000,2846170000,2584010000,2400120000,2599240000
Djibouti,"Literacy rate, adult total (% of people ages 15 and above)",..,..,..,..,..,..,..,..,..,..,..,..,..,..,..,..,..,..,..,..,..,..,..,..,..,..
Djibouti,GDP per capita (current US$),766.1409545,762.0113217,777.2623296,753.5201889,790.0322652,789.5517691,767.4669289,760.5314478,755.5962418,765.7204882,768.1760767,781.2322196,792.15412,819.974118,864.1847206,904.7297489,965.6693779,1047.586896,1214.077118,1253.657431,1325.990724,1430.986898,1536.150685,1622.637974,1740.915011,1862.167274
Djibouti,Net official development assistance and official aid received (current US$),207010000,107160000,112190000,134430000,128570000,105560000,97080000,85650000,80980000,75150000,72240000,59400000,74100000,79260000,64330000,74170000,115380000,112680000,140820000,165840000,132030000,141400000,148270000,149250000,164730000,169560000
Eritrea,"Literacy rate, adult total (% of people ages 15 and above)",..,..,..,..,..,..,..,..,..,..,..,..,52.51395,..,..,..,..,..,64.66297,..,..,..,..,..,..,..
Eritrea,GDP per capita (current US$),..,..,152.9867265,150.9730942,172.3215472,187.0504479,222.5454459,217.1509292,231.2266102,208.6209747,208.1969487,215.1392103,201.7687981,232.7945459,287.4222243,276.7508096,297.8280588,317.3294336,326.0825642,430.7544499,482.1490904,582.7755302,..,..,..,..
Eritrea,Net official development assistance and official aid received (current US$),4500000,..,1000000,67710000,154150000,148290000,157490000,123510000,168810000,149870000,178020000,284700000,226670000,316960000,263520000,349740000,126190000,158530000,145420000,142620000,162300000,133410000,135970000,81310000,82070000,92110000
Ethiopia,"Literacy rate, adult total (% of people ages 15 and above)",..,..,..,..,27.01136,..,..,..,..,..,..,..,..,..,35.9,29.82034,..,38.99598,..,..,..,..,..,..,..,..
Ethiopia,GDP per capita (current US$),253.1929484,270.2443935,203.1645022,164.9584363,124.9830454,133.7288539,144.5003524,140.8611257,124.5056232,119.1340818,123.8762057,120.1789279,111.3634356,118.8734466,135.7623858,161.6266248,193.7949056,243.3026822,325.3825543,379.7566385,341.3099092,354.8463544,468.5067249,502.1535887,571.1622759,645.4650067
Ethiopia,Net official development assistance and official aid received (current US$),1009250000,1091870000,1162510000,1081220000,1063580000,876980000,816500000,578910000,660240000,643290000,687800000,1103600000,1324740000,1621160000,1830300000,1929120000,2034550000,2551550000,3316360000,3823760000,3455160000,3492550000,3224480000,3885590000,3584720000,3233990000
"Gambia, The","Literacy rate, adult total (% of people ages 15 and above)",..,..,..,..,..,..,..,..,..,..,36.81773,..,..,..,..,..,..,..,..,..,..,..,..,41.95005,..,..
"Gambia, The",GDP per capita (current US$),345.8558101,727.034661,729.0418881,748.7842096,719.9757073,737.1787914,773.4393371,712.3318781,723.7948296,681.5374179,635.5637584,541.0558913,440.9474786,359.6521781,413.8398778,432.1929066,439.3423673,519.0452673,607.9479729,549.3108283,562.4825159,514.3738601,504.9740098,483.4863008,434.4656471,458.9690025
"Gambia, The",Net official development assistance and official aid received (current US$),97260000,99540000,108840000,84900000,68890000,45430000,36060000,38900000,39450000,34350000,49640000,52730000,64470000,63290000,61340000,60760000,75200000,97200000,94550000,125170000,121100000,135720000,138980000,115680000,101530000,107850000
Guinea,"Literacy rate, adult total (% of people ages 15 and above)",..,..,..,..,..,..,20.55375,..,..,..,..,..,..,29.70402,..,..,..,..,..,..,25.30774,..,..,..,32.00386,..
Guinea,GDP per capita (current US$),441.4127933,472.9737936,485.9748491,457.7628488,448.4475642,469.2761014,475.7463919,453.801151,421.9982034,399.9739644,340.0516918,315.8398003,322.811171,370.1931781,386.3288283,303.424498,427.0691859,622.1516672,674.5971068,636.2717095,635.6714852,614.8694482,654.7998027,726.0940747,744.6823178,725.0646897
Guinea,Net official development assistance and official aid received (current US$),291580000,377520000,447280000,410280000,358230000,415920000,298060000,381390000,359570000,237830000,153410000,289250000,254190000,250630000,274810000,192910000,173120000,227640000,332360000,217660000,220970000,202110000,607430000,467540000,563180000,538450000
Guinea-Bissau,"Literacy rate, adult total (% of people ages 15 and above)",..,..,..,..,..,..,..,..,..,..,41.35777,..,..,..,..,..,..,..,..,..,..,..,..,..,45.58116,..
Guinea-Bissau,GDP per capita (current US$),241.002485,247.9384212,212.9408099,217.6075323,211.5952576,223.3418401,233.3095607,227.638268,172.0601488,183.8530105,297.7519443,309.486749,321.4813204,360.5718585,393.3138244,424.9534585,418.9445004,481.0694976,583.5445622,544.2220779,546.7216686,688.7718197,604.2683552,622.1351066,611.4384267,585.2105569
Guinea-Bissau,Net official development assistance and official aid received (current US$),126350000,112820000,107300000,94530000,174360000,117600000,180770000,124530000,96010000,52600000,81070000,60690000,59880000,145370000,77850000,66760000,88200000,123430000,135200000,148360000,128130000,121010000,79660000,105630000,110260000,95080000
Haiti,"Literacy rate, adult total (% of people ages 15 and above)",..,..,..,..,..,..,..,..,..,..,..,..,..,58.7439,..,..,48.68502,..,..,..,..,..,..,..,..,..
Haiti,GDP per capita (current US$),..,479.5492678,305.5553692,249.4127466,282.4227011,359.7676569,365.0113863,411.608644,450.9186159,494.2324206,462.4806524,413.7383164,393.0163027,329.7820946,387.9429725,465.3101876,505.4706206,615.8198192,674.7564147,668.2976046,662.2795182,740.9358452,766.8437623,810.2656073,830.1148117,814.5463952
Haiti,Net official development assistance and official aid received (current US$),167390000,177290000,100980000,120650000,599840000,722220000,367310000,324970000,407170000,263000000,208010000,170330000,155770000,212520000,298800000,425810000,581480000,701650000,912120000,1122020000,3037580000,1691760000,1273350000,1152130000,1082360000,1042670000
Kiribati,"Literacy rate, adult total (% of people ages 15 and above)",..,..,..,..,..,..,..,..,..,..,..,..,..,..,..,..,..,..,..,..,..,..,..,..,..,..
Kiribati,GDP per capita (current US$),549.7643854,644.7108451,638.4725668,619.6545734,715.1671148,724.7913054,842.9591391,842.281248,801.1629805,832.0547943,796.7937634,734.9492461,826.585504,1015.038605,1130.602806,1214.556667,1151.555618,1357.632211,1413.30234,1297.285141,1493.16051,1692.613277,1763.815497,1724.361737,1619.342566,1504.715353
Kiribati,Net official development assistance and official aid received (current US$),20220000,19800000,26540000,15730000,15280000,15340000,12800000,15680000,17380000,20930000,17940000,12430000,20880000,18570000,16980000,28120000,25550000,27390000,27460000,25290000,23410000,64900000,65670000,64990000,80660000,64950000
Lao PDR,"Literacy rate, adult total (% of people ages 15 and above)",..,..,..,..,..,60.25133,..,..,..,..,69.58312,68.73439,..,..,..,72.70226,..,..,..,..,..,58.28794,..,..,..,..
Lao PDR,GDP per capita (current US$),203.2559698,234.7193694,250.4922292,287.1875929,325.6292418,363.4716183,377.9712559,345.4969431,248.5413984,277.4951028,324.8450496,326.6408434,319.8270584,362.6252958,417.7516561,475.4164695,590.3013108,709.767087,899.4950787,948.1276421,1141.127115,1304.384015,1588.633147,1838.80602,2017.587781,2159.433735
Lao PDR,Net official development assistance and official aid received (current US$),149070000,139750000,163640000,201030000,215200000,307910000,332110000,328780000,275780000,294610000,280890000,244840000,278080000,301260000,270030000,297420000,365170000,397440000,496590000,417290000,413420000,399790000,410470000,423330000,474420000,471090000
Lesotho,"Literacy rate, adult total (% of people ages 15 and above)",..,..,..,..,..,..,..,..,..,..,86.25443,..,..,..,..,..,..,..,..,75.8002,..,..,..,..,76.6352,..
Lesotho,GDP per capita (current US$),371.8442387,430.9096772,498.4844778,491.4205341,506.9977784,568.8163838,529.3669607,551.2410588,506.9946049,493.2493774,474.8197906,437.8190154,407.8093907,603.6362783,781.5145954,862.9463084,915.7757486,918.5406962,935.3941391,924.1059321,1169.267842,1350.677653,1281.620558,1192.998772,1218.466106,1152.319585
Lesotho,Net official development assistance and official aid received (current US$),139130000,123310000,143160000,143060000,115620000,112650000,103210000,91490000,61850000,31670000,37170000,55550000,77000000,79130000,95310000,68440000,71190000,129290000,144710000,122280000,256050000,256770000,276260000,320670000,107170000,83140000
Liberia,"Literacy rate, adult total (% of people ages 15 and above)",..,..,..,..,..,..,..,..,..,..,..,..,..,..,..,..,..,42.94108,..,..,..,..,..,..,..,..
Liberia,GDP per capita (current US$),183.2892117,168.9101461,110.4942877,80.19005643,65.67687672,65.01141558,72.74622475,125.4627472,140.9609018,161.5641221,183.4149991,174.1815473,177.2851087,133.4945108,149.4452549,168.6480254,178.927099,210.3733292,232.061732,303.0667491,327.4205097,379.6895803,415.0361958,454.1222236,458.4651734,452.0380717
Liberia,Net official development assistance and official aid received (current US$),113740000,157630000,119600000,122330000,63400000,123100000,172670000,75690000,71990000,93950000,67420000,38480000,54990000,106780000,213390000,222090000,260900000,702020000,1250410000,510750000,1414450000,762250000,566710000,535930000,749610000,1094460000
Madagascar,"Literacy rate, adult total (% of people ages 15 and above)",..,..,..,..,..,..,..,..,..,..,70.68617,..,..,..,..,..,..,..,..,64.48091,..,..,71.57262,..,..,..
Madagascar,GDP per capita (current US$),265.6761189,222.1537443,245.8643162,265.9345074,227.8369055,234.4940582,287.3565596,247.1294102,252.4652058,243.2527515,245.9390659,278.5557032,262.2859481,316.7998965,245.1235876,274.8197023,292.1507443,377.8482928,470.733254,415.6893226,412.7309341,454.963464,443.9061001,461.7230722,452.4631926,402.0883072
Madagascar,Net official development assistance and official aid received (current US$),396960000,455110000,361550000,361220000,288140000,299410000,354690000,837670000,484670000,362390000,324480000,374530000,373940000,545360000,1252520000,916150000,784410000,896830000,847200000,434440000,477160000,447130000,368490000,499280000,586240000,677010000
Malawi,"Literacy rate, adult total (% of people ages 15 and above)",..,..,..,..,..,..,..,..,64.13425,..,..,..,..,..,..,..,..,..,..,..,61.30972,..,..,..,65.14537,62.14354
Malawi,GDP per capita (current US$),199.287272,228.5552393,184.9518703,212.246564,120.6292554,141.0275216,225.626776,256.5280662,163.5335889,160.7988768,153.2594872,146.7615397,290.9798977,260.1052517,274.2256294,280.3673842,297.6971211,320.2227274,372.842678,420.7379657,458.8681744,512.1254051,374.5018802,332.9223039,354.7253961,362.6575444
Malawi,Net official development assistance and official aid received (current US$),500360000,549570000,578040000,497340000,471140000,435140000,492540000,344100000,434680000,446780000,448150000,411100000,379740000,519570000,507420000,573650000,722870000,743950000,925330000,774180000,1017160000,797450000,1170090000,1132670000,931450000,1049390000
Mali,"Literacy rate, adult total (% of people ages 15 and above)",..,..,..,..,..,..,..,..,19.04497,..,..,..,..,24,..,..,26.17655,..,..,..,31.09975,33.56094,..,..,..,33.06889
Mali,GDP per capita (current US$),316.8165941,314.8369994,319.191412,309.515078,222.5767979,281.7886811,282.081344,266.668047,281.3221274,322.53868,269.3483829,306.8473237,334.2024016,391.7912801,439.3572924,487.9402556,521.6425796,595.6368319,689.6784228,697.0153124,708.3707632,835.0889098,777.3476868,803.8935757,848.2279485,749.9501571
Mali,Net official development assistance and official aid received (current US$),479170000,449680000,429690000,369960000,440150000,540410000,490170000,429330000,346820000,354390000,288040000,351740000,420480000,556230000,585300000,724590000,869200000,1021020000,967390000,984660000,1091460000,1267630000,995580000,1397560000,1235920000,1200450000
Mozambique,"Literacy rate, adult total (% of people ages 15 and above)",..,..,..,..,..,..,..,38.70788,..,..,..,..,..,48.15884,..,..,..,..,..,50.58381,..,..,..,..,..,..
Mozambique,GDP per capita (current US$),189.6245382,240.1242747,162.8269598,163.6143937,161.7048809,160.0176177,216.8754283,253.1096478,284.373291,301.539472,277.6486591,256.4414872,262.8840551,283.8911588,336.3318145,369.1545359,385.7567141,422.1461573,503.1277109,463.852618,419.2258149,526.5313517,566.0513873,605.9856081,623.2871141,528.3139758
Mozambique,Net official development assistance and official aid received (current US$),997510000,1065100000,1459680000,1176960000,1199940000,1063390000,886730000,948210000,1039950000,818670000,907390000,961470000,2217370000,1049520000,1244290000,1289860000,1641940000,1772950000,1993080000,2013600000,1943140000,2065470000,2071700000,2312700000,2106010000,1815030000
Myanmar,"Literacy rate, adult total (% of people ages 15 and above)",..,..,..,..,..,..,..,..,..,..,89.94176,..,..,..,..,..,..,..,..,..,..,..,..,..,..,..
Myanmar,GDP per capita (current US$),..,..,..,..,..,..,..,..,..,..,193.1874804,138.9249275,143.7760051,219.782326,219.8156688,247.2427006,296.9007284,410.4500001,643.9513703,741.0777116,987.7365832,1186.423937,1175.561788,1171.464477,1260.422411,1138.992271
Myanmar,Net official development assistance and official aid received (current US$),160770000,177010000,113980000,100150000,167070000,150160000,38920000,49380000,72140000,81050000,105640000,125670000,119030000,125020000,123450000,144830000,145710000,195890000,534590000,355960000,354920000,379950000,504530000,3936120000,1384510000,1168520000
Nepal,"Literacy rate, adult total (% of people ages 15 and above)",..,32.97559,..,..,..,..,..,..,..,..,..,48.60897,..,..,..,..,..,..,..,..,..,59.62725,..,..,..,..
Nepal,GDP per capita (current US$),193.4761241,203.7653978,172.0062101,180.109746,194.8890676,205.6938414,206.4330066,219.684466,212.4689465,215.9805921,231.4255004,248.6183539,246.3075621,253.7200412,287.4001056,317.089198,348.6314534,393.8843518,473.8444409,480.7200909,592.1835216,692.1166842,681.7925868,688.6172788,706.2386977,747.1604624
Nepal,Net official development assistance and official aid received (current US$),422840000,448760000,430870000,363410000,446620000,429560000,389230000,401870000,400860000,348500000,386420000,388990000,342910000,464480000,425940000,423130000,527670000,604410000,697020000,853750000,814400000,886630000,769680000,873330000,883820000,1215760000
Niger,"Literacy rate, adult total (% of people ages 15 and above)",..,..,..,..,..,..,..,..,..,..,..,14.37604,..,..,..,28.67242,..,..,..,..,..,..,15.4567,..,..,..
Niger,GDP per capita (current US$),309.5864642,281.3964667,274.2860354,181.6903803,170.8094085,198.4528096,202.4214038,181.2955353,196.7250241,184.3464766,158.4055972,165.2507247,177.8208384,215.8050408,232.5661574,250.0383731,258.0463873,292.55962,354.8185998,341.2894618,348.151511,375.5819866,391.5155024,416.1400838,429.790889,362.7521263
Niger,Net official development assistance and official aid received (current US$),387590000,369560000,356710000,338520000,372950000,272390000,252060000,333230000,292340000,187270000,209210000,258980000,295810000,481020000,548680000,523090000,541940000,545970000,615450000,470630000,741380000,644670000,891140000,797300000,917780000,865870000
Rwanda,"Literacy rate, adult total (% of people ages 15 and above)",..,57.85349,..,..,..,..,..,..,..,..,64.8886,..,..,..,..,..,..,..,..,..,65.85227,..,68.33103,..,..,..
Rwanda,GDP per capita (current US$),352.4401342,271.0814379,302.7561645,312.9451551,125.4994918,218.2047893,226.0501885,283.8776235,281.7841627,239.3781268,216.172747,201.0569654,196.5097078,212.6619491,236.9114381,287.0931877,342.3656294,404.8533039,500.6687264,539.1538211,563.4910487,617.3107648,678.0796973,688.8768557,706.5699517,710.3483907
Rwanda,Net official development assistance and official aid received (current US$),287920000,359160000,348930000,353910000,711750000,694700000,465310000,229730000,350130000,373140000,321460000,304660000,359590000,335960000,491140000,572710000,605390000,720060000,935500000,934250000,1033090000,1262830000,878640000,1086290000,1035030000,1081720000
Sao Tome and Principe,"Literacy rate, adult total (% of people ages 15 and above)",..,73.24242,..,..,..,..,..,..,..,..,..,84.90851,..,..,..,..,..,..,69.53639,..,..,..,90.1431,..,..,..
Sao Tome and Principe,GDP per capita (current US$),..,..,..,..,..,..,..,..,..,..,..,510.0216381,555.8185378,649.3402153,693.3045683,810.860157,843.8009447,894.0927988,1126.462102,1099.571046,1129.754961,1304.326189,1380.949959,1619.532678,1824.160311,1615.320711
Sao Tome and Principe,Net official development assistance and official aid received (current US$),54120000,51010000,56430000,46490000,49930000,84090000,47400000,33420000,28060000,27520000,34940000,38180000,26090000,37850000,33680000,32700000,23060000,51090000,47330000,30510000,50230000,73430000,50660000,53750000,41380000,48950000
Senegal,"Literacy rate, adult total (% of people ages 15 and above)",..,..,..,..,..,..,..,..,..,..,..,..,39.27525,..,..,..,41.89115,..,..,49.69513,..,52.05196,..,42.8175,..,..
Senegal,GDP per capita (current US$),756.6085301,721.1150526,747.8320019,686.4979804,455.4885004,557.7842575,564.4959826,508.0726031,534.0979161,533.2851225,473.4500338,481.2870397,513.026227,642.7663113,733.0581811,773.8698713,809.8038296,950.3978522,1101.202117,1021.037864,1002.52994,1081.939254,1038.077646,1051.750745,1052.127482,910.7747772
Senegal,Net official development assistance and official aid received (current US$),811730000,627520000,662380000,493120000,635490000,652340000,573880000,424530000,502080000,535980000,432150000,423580000,445280000,458280000,1066340000,701350000,869360000,865350000,1065820000,1017990000,936400000,1054600000,1075780000,994480000,1108750000,879200000
Sierra Leone,"Literacy rate, adult total (% of people ages 15 and above)",..,..,..,..,..,..,..,..,..,..,..,..,..,..,34.82679,..,..,..,..,..,..,..,..,32.42617,..,..
Sierra Leone,GDP per capita (current US$),150.6511518,179.8336359,156.9951224,178.4905888,212.884373,203.6948791,219.9124669,197.4746069,154.4397334,150.8369725,139.3147734,227.7790471,249.9395402,263.7618312,263.1045817,287.6891942,322.313468,358.8274716,406.3759178,394.5932439,405.1284018,445.052005,561.8984239,710.8186998,708.4427474,587.5162611
Sierra Leone,Net official development assistance and official aid received (current US$),59320000,103270000,133060000,206470000,273730000,212270000,182520000,118010000,106530000,73730000,180640000,334630000,383210000,337170000,376230000,339980000,380340000,545910000,379340000,447290000,458300000,423890000,439750000,449070000,914140000,946390000
Solomon Islands,"Literacy rate, adult total (% of people ages 15 and above)",..,..,..,..,..,..,..,..,..,76.6,..,..,..,..,..,..,..,..,..,..,..,..,..,..,..,..
Solomon Islands,GDP per capita (current US$),970.0969308,998.7594523,1147.975764,1210.534609,1330.822932,1445.706999,1529.664872,1494.733483,1206.157561,1200.917702,1054.518572,944.81684,784.9562874,744.7657423,818.442619,880.8748508,948.6592511,1046.931125,1205.791067,1158.282672,1272.448025,1642.837974,1858.689868,1880.5159,2009.652622,1922.041388
Solomon Islands,Net official development assistance and official aid received (current US$),45660000,36610000,45570000,56130000,47890000,47690000,42620000,41770000,42630000,39670000,68250000,58770000,26180000,60140000,121320000,198400000,204640000,246180000,224310000,204960000,340490000,339390000,305100000,289830000,198500000,190030000
Somalia,"Literacy rate, adult total (% of people ages 15 and above)",..,..,..,..,..,..,..,..,..,..,..,..,..,..,..,..,..,..,..,..,..,..,..,..,..,..
Somalia,GDP per capita (current US$),..,..,..,..,..,..,..,..,..,..,..,..,..,..,..,..,..,..,..,..,..,..,..,407.5432354,417.8900143,426.0098537
Somalia,Net official development assistance and official aid received (current US$),514810000,186420000,653660000,892120000,535120000,187930000,88180000,81180000,81320000,115700000,102230000,149300000,152720000,176180000,201280000,240220000,396170000,393740000,765870000,661640000,505680000,1098980000,990460000,1054580000,1109580000,1253550000
South Sudan,"Literacy rate, adult total (% of people ages 15 and above)",..,..,..,..,..,..,..,..,..,..,..,..,..,..,..,..,..,..,26.83128,..,..,..,..,..,..,..
South Sudan,GDP per capita (current US$),..,..,..,..,..,..,..,..,..,..,..,..,..,..,..,..,..,..,1678.711862,1264.789908,1562.239346,1706.090713,958.4550081,1186.101325,1151.861715,758.7205782
South Sudan,Net official development assistance and official aid received (current US$),..,..,..,..,..,..,..,..,..,..,..,..,..,..,..,..,..,..,..,..,..,435830000,1186260000,1399300000,1964120000,1674830000
Sudan,"Literacy rate, adult total (% of people ages 15 and above)",..,..,..,..,..,..,..,..,..,..,61.34587,..,..,..,..,..,..,..,53.51738,..,..,..,..,..,..,..
Sudan,GDP per capita (current US$),478.8012635,427.8063438,257.651551,316.9027309,444.5573291,467.8137011,296.8743719,374.1136199,350.4396796,323.5717952,361.0305843,377.5254454,412.1517561,477.7384078,565.0569459,679.7539949,893.8793645,1115.6952,1291.528826,1226.884381,1476.478087,1666.857757,1892.894352,1955.660799,2176.898029,2513.884661
Sudan,Net official development assistance and official aid received (current US$),848240000,867110000,536310000,447900000,408290000,237430000,218100000,138940000,211210000,246340000,225290000,192260000,304930000,620230000,994580000,1826110000,2048440000,2120590000,2566430000,2352470000,2025850000,1742400000,1369130000,1507330000,874800000,899900000
Timor-Leste,"Literacy rate, adult total (% of people ages 15 and above)",..,..,..,..,..,..,..,..,..,..,..,37.6,..,..,..,..,..,50.6,..,..,58.30898,..,..,..,..,..
Timor-Leste,GDP per capita (current US$),..,..,..,..,..,..,..,..,..,..,402.0066527,481.2947703,457.7900166,448.0615951,444.3430043,454.5957016,419.622201,498.8491398,611.7759685,719.7315431,806.0627745,931.0460326,1027.784502,1190.510366,1196.061391,1294.54454
Timor-Leste,Net official development assistance and official aid received (current US$),100000,940000,130000,420000,230000,20000,80000,430000,1670000,152820000,231270000,194170000,219050000,175030000,161240000,184620000,209140000,278340000,277700000,216600000,291460000,278710000,283640000,258570000,249540000,212290000
Togo,"Literacy rate, adult total (% of people ages 15 and above)",..,..,..,..,..,..,..,..,..,..,53.1776,..,..,..,..,..,56.88837,..,..,57.09338,..,60.40994,..,..,..,63.74562
Togo,GDP per capita (current US$),430.0114381,412.722312,426.0809921,303.4487827,236.0011558,306.3583371,333.189857,330.5621437,339.2473068,326.6040699,260.3932935,260.6394652,280.8032123,310.4370144,349.9937253,372.1721837,377.336029,420.7604743,513.391914,499.6468713,487.9238913,562.3393592,563.6894247,579.434805,620.1318489,551.1308346
Togo,Net official development assistance and official aid received (current US$),258240000,199270000,222430000,95820000,124650000,191340000,155400000,125130000,128460000,71530000,69630000,46090000,51130000,50090000,65130000,82610000,79830000,122490000,330140000,494520000,403380000,542380000,245080000,226320000,210960000,199620000
Tuvalu,"Literacy rate, adult total (% of people ages 15 and above)",..,..,..,..,..,..,..,..,..,..,..,..,..,..,..,..,..,..,..,..,..,..,..,..,..,..
Tuvalu,GDP per capita (current US$),980.1674709,1034.482041,1069.595946,1051.85266,1184.638255,1194.576939,1332.63248,1369.074641,1370.904026,1464.648593,1458.817097,1387.357543,1603.631992,1866.599625,2176.564747,2178.02921,2259.333279,2638.911845,2929.42164,2595.639908,3021.889528,3698.910096,3718.018711,3542.135089,3415.813158,2970.027974
Tuvalu,Net official development assistance and official aid received (current US$),5060000,5010000,8060000,4250000,7370000,7850000,10340000,10130000,5190000,6780000,4030000,9510000,11710000,6310000,8070000,9120000,15410000,11810000,16200000,17710000,14010000,38910000,25480000,27590000,34300000,49650000
Uganda,"Literacy rate, adult total (% of people ages 15 and above)",..,56.10738,..,..,..,..,..,..,..,..,..,..,68.14251,..,..,..,71.37314,..,..,..,73.21188,..,70.19822,..,..,..
Uganda,GDP per capita (current US$),246.8273307,184.126852,153.1911684,167.0748918,200.4472479,280.0845471,285.0934669,286.7169623,291.9864072,257.7477999,257.6303609,234.9840775,240.2423229,237.9995917,288.0236949,315.7880227,336.4593923,401.8508631,449.6928183,554.404991,595.2061732,574.9402639,637.1300089,655.0496074,702.8808064,674.044972
Uganda,Net official development assistance and official aid received (current US$),663100000,663280000,724950000,609990000,751970000,833960000,674880000,813440000,658100000,607680000,855930000,828940000,732980000,1003710000,1222240000,1195330000,1589230000,1738140000,1643380000,1786360000,1690140000,1572750000,1642500000,1699930000,1634660000,1628250000
Tanzania,"Literacy rate, adult total (% of people ages 15 and above)",..,..,..,..,..,..,..,..,..,..,..,..,69.4309,..,..,..,..,..,..,..,67.8007,..,78.10059,..,..,77.88723
Tanzania,GDP per capita (current US$),172.0447984,193.7400952,173.8913828,155.5982751,159.6357424,180.4650233,216.9327932,249.931287,296.3409541,299.7867537,306.7238273,304.339284,308.0565528,323.0721066,345.189237,442.2528543,471.5273761,528.063562,651.2624387,658.7579527,701.6045501,733.4128065,820.1562898,901.7314303,950.3743138,872.2940933
Tanzania,Net official development assistance and official aid received (current US$),1163150000,1073000000,1334080000,944430000,963570000,871050000,867210000,943850000,1001500000,991940000,1064250000,1274900000,1260430000,1725760000,1774200000,1492450000,1887650000,2819960000,2330670000,2927780000,2960310000,2441820000,2822230000,3433580000,2648730000,2580470000
Vanuatu,"Literacy rate, adult total (% of people ages 15 and above)",..,..,..,..,..,..,..,..,..,74,..,..,..,..,..,..,..,..,..,..,..,..,..,..,..,..
Vanuatu,GDP per capita (current US$),1080.222889,1252.636231,1263.455261,1176.870452,1335.259799,1390.329687,1427.10248,1462.238195,1472.957091,1477.841822,1469.849149,1362.601731,1353.934819,1580.502724,1787.947023,1886.433359,2047.097823,2393.367265,2697.961375,2643.441423,2965.802434,3275.091684,3158.58688,3167.343056,3148.365103,2805.83414
Vanuatu,Net official development assistance and official aid received (current US$),49530000,52240000,39830000,34980000,41720000,45580000,31070000,27230000,40710000,37280000,45800000,31620000,27520000,32660000,38200000,39890000,49010000,56840000,92420000,100150000,107860000,91090000,101940000,91340000,100410000,186560000
"Yemen, Rep.","Literacy rate, adult total (% of people ages 15 and above)",..,..,..,..,37.09,..,..,..,..,..,..,..,..,..,..,..,..,..,..,..,..,..,..,..,..,..
"Yemen, Rep.",GDP per capita (current US$),468.3780079,468.3739664,485.0556996,382.9763204,283.6347307,277.9769717,364.1212046,416.7870194,374.3573128,439.6972109,539.1043652,535.8330521,565.2083683,605.1647335,693.0835669,813.9643857,901.7599875,995.6284828,1203.720733,1093.812918,1309.23196,1349.42025,1420.842721,1580.181601,1647.033657,1401.903319
"Yemen, Rep.",Net official development assistance and official aid received (current US$),449830000,296350000,253770000,313740000,171700000,171790000,252270000,355400000,394240000,460830000,312800000,371830000,216500000,244060000,266510000,296000000,287810000,242890000,429110000,559310000,667080000,477050000,710230000,1039630000,1163450000,1531430000
Zambia,"Literacy rate, adult total (% of people ages 15 and above)",64.99826,..,..,..,..,..,..,..,..,68.00179,..,..,69.14922,..,..,..,..,61.42829,..,..,83.00767,..,..,..,..,..
Zambia,GDP per capita (current US$),409.2579854,410.0718753,376.4574375,377.5723176,411.0389997,416.6613811,382.9151113,445.1711797,355.5380307,332.461627,341.9055625,378.2736238,377.1305244,429.1583434,530.2772217,691.3178164,1030.154199,1104.587985,1369.068249,1139.110233,1463.213573,1644.619672,1734.930612,1850.793359,1738.088202,1313.889646
Zambia,Net official development assistance and official aid received (current US$),474810000,877970000,1030780000,866920000,715130000,2030670000,608060000,609690000,348150000,623210000,794650000,570840000,810730000,770450000,1128450000,1169050000,1470270000,1006970000,1114710000,1270820000,919320000,1033470000,957140000,1145390000,997730000,797140000
,,,,,,,,,,,,,,,,,,,,,,,,,,,
,,,,,,,,,,,,,,,,,,,,,,,,,,,
UN Least developed countries (except,,,,,,,,,,,,,,,,,,,,,,,,,,,
Data from database: World Development Indicators,,,,,,,,,,,,,,,,,,,,,,,,,,,
Last Updated: 01/25/2018,,,,,,,,,,,,,,,,,,,,,,,,,,,