Country Name,Country Code,Series Name,Series Code,1960 [YR1960],1961 [YR1961],1962 [YR1962],1963 [YR1963],1964 [YR1964],1965 [YR1965],1966 [YR1966],1967 [YR1967],1968 [YR1968],1969 [YR1969],1970 [YR1970],1971 [YR1971],1972 [YR1972],1973 [YR1973],1974 [YR1974],1975 [YR1975],1976 [YR1976],1977 [YR1977],1978 [YR1978],1979 [YR1979],1980 [YR1980],1981 [YR1981],1982 [YR1982],1983 [YR1983],1984 [YR1984],1985 [YR1985],1986 [YR1986],1987 [YR1987],1988 [YR1988],1989 [YR1989],1990 [YR1990],1991 [YR1991],1992 [YR1992],1993 [YR1993],1994 [YR1994],1995 [YR1995],1996 [YR1996],1997 [YR1997],1998 [YR1998],1999 [YR1999],2000 [YR2000],2001 [YR2001],2002 [YR2002],2003 [YR2003],2004 [YR2004],2005 [YR2005],2006 [YR2006],2007 [YR2007],2008 [YR2008],2009 [YR2009],2010 [YR2010],2011 [YR2011],2012 [YR2012],2013 [YR2013],2014 [YR2014],2015 [YR2015]
Low income,LIC,"Literacy rate, adult total (% of people ages 15 and above)",SE.ADT.LITR.ZS,..,..,..,..,..,..,..,..,..,..,..,..,..,..,..,..,..,..,..,..,..,..,..,..,..,43.41036,43.88183,44.52141,45.2049,45.78975,46.36885,46.62825,46.96216,47.25052,47.84493,48.13387,48.50648,49.25546,49.79527,50.34502,50.67088,51.36116,51.64633,52.2903,54.1117,53.26303,53.08421,54.23258,53.40461,54.6644,54.75829,56.81752,57.95468,58.38585,59.2793,59.75239
Low income,LIC,GDP per capita (current US$),NY.GDP.PCAP.CD,..,..,..,..,..,..,..,..,..,..,..,..,..,..,..,..,..,..,..,..,..,298.73347624995,304.903148268455,277.556867995291,248.817807349196,251.597867313439,278.377325450702,283.075738330086,297.549645256682,286.582118624199,296.617089833767,294.517513774928,253.035542148127,244.970043651649,200.875089200513,225.28509456612,244.389563299618,245.9465147235,242.09314746537,235.93654451406,265.066741190601,232.864290825318,244.622670733864,261.277158953225,289.6596428085,325.451401068094,354.221683004473,412.362572049735,483.12822572575,497.764626178359,522.028283051796,571.224695826674,598.279150232568,629.277604078064,659.34364922385,626.913891865378
Low income,LIC,Net official development assistance and official aid received (current US$),DT.ODA.ALLD.CD,225280000,342730000,462740000,440050000,616270000,677920000,664870000,614460000,634740000,633630000,653050000,788980000,856540000,1098580000,1629100000,2245470000,1968420000,2418040000,3257660000,4045470000,4843790000,4915880000,4948220000,4729090000,5145430000,5646940000,7144970000,8621780000,9464370000,9820410000,11572580000,11387240000,12491390000,11017410000,12155080000,11548050000,9956940000,9488250000,9298280000,8501600000,8323390000,10146880000,13656330000,19147330000,19224670000,19413850000,21917500000,26726290000,30027000000,32456300000,36539980000,37720170000,35172070000,35381030000,35136420000,33983290000
Lower middle income,LMC,"Literacy rate, adult total (% of people ages 15 and above)",SE.ADT.LITR.ZS,..,..,..,..,..,..,..,..,..,..,..,..,..,..,..,49.8533,50.00655,50.51745,51.04162,51.58586,51.48585,52.22207,53.05178,53.50155,54.01775,54.53955,55.05527,55.91705,56.51964,57.16152,57.80083,58.3053,59.2215,59.95408,60.65868,61.33435,62.07624,62.7121,65.84399,66.48792,66.67575,67.18486,68.01937,68.84452,69.55523,69.40597,69.41222,69.83738,70.7936,71.43398,72.71435,72.24664,74.21019,74.65994,75.36975,75.83826
Lower middle income,LMC,GDP per capita (current US$),NY.GDP.PCAP.CD,..,..,..,..,..,128.271940765667,113.554381559977,118.287388535699,123.919348066728,135.18429633534,145.309210454311,147.678496273667,153.332255103826,178.644945892563,224.3212911672,243.419539506218,257.891702165085,288.518007344135,315.665043523738,351.279953924494,426.266586571408,439.860861946195,433.55189411369,412.959867319905,401.598281385013,412.921343501231,420.000852987952,450.164309539834,459.520841884549,457.150228123675,478.340237133664,451.072216329626,460.77297684523,458.801629540882,488.401774386002,537.919129311185,579.620384946669,587.158082675346,518.556809615521,553.370678051018,574.90421970699,570.071668108229,602.401520687659,679.283234286411,763.661047013637,866.374471916379,1015.09352003504,1229.30214834284,1361.74587464076,1373.61821408689,1693.01308902787,1885.74898966399,1947.73218976083,2001.84087693152,2075.89334429656,2025.9290640449
Lower middle income,LMC,Net official development assistance and official aid received (current US$),DT.ODA.ALLD.CD,1887430000,1849130000,2112020000,2601150000,3011260000,3234060000,3328500000,3567240000,3179560000,3129810000,3462830000,3907150000,3922210000,5641830000,8241240000,10833120000,10591950000,10660580000,12132870000,13514370000,16271510000,14795390000,14236500000,13084160000,12773200000,13719810000,15546910000,16420480000,17962610000,18726760000,26332280000,27575110000,25500050000,21777200000,25053680000,22750220000,22012930000,18720620000,19972680000,21019000000,19526780000,21690310000,21919560000,22435970000,23993450000,34829290000,40587140000,32290950000,36255120000,41023030000,40289130000,41445610000,42929350000,54386050000,50874580000,47852620000
Afghanistan,AFG,"Literacy rate, adult total (% of people ages 15 and above)",SE.ADT.LITR.ZS,..,..,..,..,..,..,..,..,..,..,..,..,..,..,..,..,..,..,..,18.15768,..,..,..,..,..,..,..,..,..,..,..,..,..,..,..,..,..,..,..,..,..,..,..,..,..,..,..,..,..,..,..,31.74112,..,..,..,..
Afghanistan,AFG,GDP per capita (current US$),NY.GDP.PCAP.CD,59.7773265083934,59.8781528089471,58.4928738323479,78.7827580362892,82.2084438594401,101.290471274167,137.899361896954,161.322000088481,129.506653844251,129.798541408375,157.187422389233,160.372835554154,136.117014381199,144.110318929266,174.94203831954,187.975604013726,199.026172729051,226.005343759305,249.287386261794,277.900741665078,274.880858701521,266.493041808705,..,..,..,..,..,..,..,..,..,..,..,..,..,..,..,..,..,..,..,117.409690794955,187.845094955388,198.728543552291,219.141352785465,250.29412990949,272.563077018147,369.835795969823,373.361116300036,445.893297923744,553.300289383064,603.53702306241,669.009050888028,631.744970641527,612.069651391198,569.5779229167
Afghanistan,AFG,Net official development assistance and official aid received (current US$),DT.ODA.ALLD.CD,17180000,34670000,16930000,36670000,46170000,53930000,50360000,40600000,29240000,27250000,27610000,44440000,55180000,55950000,49180000,69450000,71430000,85610000,82520000,105470000,33010000,23910000,9330000,13280000,6500000,16320000,1910000,45280000,72360000,148320000,121720000,507530000,204900000,223800000,226420000,212530000,169630000,230750000,164200000,142860000,136010000,410360000,1309770000,1593670000,2310640000,2837950000,2962000000,4964910000,4875860000,6234000000,6471680000,6867050000,6668030000,5152540000,4945130000,4239180000
Angola,AGO,"Literacy rate, adult total (% of people ages 15 and above)",SE.ADT.LITR.ZS,..,..,..,..,..,..,..,..,..,..,..,..,..,..,..,..,..,..,..,..,..,..,..,..,..,..,..,..,..,..,..,..,..,..,..,..,..,..,..,..,..,67.40542,..,..,..,..,..,..,..,..,..,..,..,..,66.03011,..
Angola,AGO,GDP per capita (current US$),NY.GDP.PCAP.CD,..,..,..,..,..,..,..,..,..,..,..,..,..,..,..,..,..,..,..,..,..,..,..,..,..,630.074984961849,612.074840384629,595.857754388612,580.555024871497,847.76672420739,823.792184336632,965.361296350428,438.320519601465,393.784520850398,293.278222405082,353.18204509917,512.620965887672,506.884952193443,415.693345857987,385.768853472854,555.296941863334,526.168742996854,711.181715953492,779.468305598703,1041.08684392862,1443.99192856374,2062.41514942577,2878.83714393079,3868.57888289748,3347.84485033644,3529.05348173757,4299.01288877922,4598.24998765441,4804.61688354724,4709.31202367384,3695.79374814656
Angola,AGO,Net official development assistance and official aid received (current US$),DT.ODA.ALLD.CD,-50000,23550000,..,30000,..,1110000,2860000,18180000,10000,-110000,-30000,..,90000,160000,370000,4760000,17480000,47500000,46870000,47060000,52440000,60220000,59070000,73880000,93410000,90490000,130250000,134430000,157030000,167060000,265770000,277080000,343590000,289390000,447070000,416420000,459310000,354660000,335270000,387540000,302210000,282730000,414030000,493500000,1144570000,414680000,163520000,247670000,369040000,238930000,235160000,192940000,243610000,285540000,235390000,380090000
Bangladesh,BGD,"Literacy rate, adult total (% of people ages 15 and above)",SE.ADT.LITR.ZS,..,..,..,..,..,..,..,..,..,..,..,..,..,..,..,..,..,..,..,..,..,29.22723,..,..,..,..,..,..,..,..,..,35.3193,..,..,..,..,..,..,..,..,..,47.4855,..,..,..,..,..,46.6636,..,..,..,47.07731,..,..,..,..
Bangladesh,BGD,GDP per capita (current US$),NY.GDP.PCAP.CD,88.6912106294731,97.1427301802098,99.5767136535308,101.260491233893,99.5038642672935,105.789170343689,111.658639482303,121.662093380214,121.528897680862,133.575436746777,138.247964677775,131.755763179652,93.0248701122493,117.72581488208,179.045064975981,272.745197807152,138.592233931828,128.809261111467,172.414696039675,196.442625605373,222.632350948637,241.870369216672,215.393257600295,199.336645408325,208.534635084227,239.039220463711,227.423025568813,247.072311975068,263.222790451094,277.817839072227,297.567994452545,284.725599796572,285.095499369382,291.714495241784,290.652463953241,319.60869435593,382.935749258557,389.523624426251,395.297460669815,397.35482187218,405.603307141767,402.598115151563,400.613574533353,432.738897240785,460.75791673039,484.155407057992,494.050146576549,541.065148395087,615.777541053092,681.120536769049,757.671757176894,835.789340127412,856.342857027401,951.889453456343,1084.56542980269,1210.15876939761
Bangladesh,BGD,Net official development assistance and official aid received (current US$),DT.ODA.ALLD.CD,..,..,..,..,..,..,..,..,..,..,..,15360000,223760000,421470000,531390000,1071620000,497890000,784360000,995010000,1162660000,1286720000,1099040000,1337400000,1042430000,1186820000,1126530000,1428050000,1792600000,1614360000,1799490000,2092760000,1880240000,1818390000,1383260000,1742890000,1281740000,1228070000,1012360000,1162860000,1219490000,1174330000,1045000000,900550000,1397870000,1416830000,1320430000,1222890000,1512900000,2070900000,1227080000,1404600000,1491530000,2151700000,2633590000,2422640000,2570240000
Benin,BEN,"Literacy rate, adult total (% of people ages 15 and above)",SE.ADT.LITR.ZS,..,..,..,..,..,..,..,..,..,..,..,..,..,..,..,..,..,..,..,16.48279,..,..,..,..,..,..,..,..,..,..,..,..,27.24525,..,..,..,..,..,..,..,..,..,34.65785,..,..,..,28.70211,..,..,..,..,..,32.94882,..,..,..
Benin,BEN,GDP per capita (current US$),NY.GDP.PCAP.CD,93.0225089907107,95.5721547147448,94.464534984382,99.8591138855553,104.339768039886,110.132793835113,112.940836383512,111.951601925237,116.89506602186,116.025094341185,114.556596466987,112.570089087637,134.819407935009,161.987373671434,174.014149085561,207.300439745473,208.656153830514,218.4543657692,263.581057550946,327.821677993792,378.043898303902,337.978194739187,322.77769945337,271.129240225224,252.869785044788,244.410998858469,303.348897858296,344.503070791789,346.736037681422,311.678303860821,393.686214423531,385.753616012638,317.962855286116,411.926030522283,279.666504326806,367.387341032599,387.432924636251,361.100269794441,379.442353954477,403.623703839155,374.192394159235,378.736053976421,418.698576347103,519.292284661195,583.409351430682,601.799976958875,625.830091976463,706.053541900699,820.151349819346,793.452430030705,757.695907409377,825.942785363215,837.950500075362,915.267458596353,943.686575031401,783.947090952422
Benin,BEN,Net official development assistance and official aid received (current US$),DT.ODA.ALLD.CD,20000,1480000,3750000,4260000,18070000,17880000,14920000,16270000,13140000,13140000,14740000,28980000,20040000,26480000,33070000,54110000,50750000,48820000,60340000,84610000,88230000,81240000,79700000,84930000,75030000,93910000,134670000,133700000,157970000,267870000,266880000,265660000,269040000,287760000,256380000,280560000,288290000,221150000,205230000,212440000,244770000,280420000,221540000,301990000,391790000,349080000,400310000,475300000,636720000,677570000,689270000,672610000,507880000,660200000,599320000,430220000
Bhutan,BTN,"Literacy rate, adult total (% of people ages 15 and above)",SE.ADT.LITR.ZS,..,..,..,..,..,..,..,..,..,..,..,..,..,..,..,..,..,..,..,..,..,..,..,..,..,..,..,..,..,..,..,..,..,..,..,..,..,..,..,..,..,..,..,..,..,52.81469,..,..,..,..,..,..,57.0336,..,..,..
Bhutan,BTN,GDP per capita (current US$),NY.GDP.PCAP.CD,..,..,..,..,..,..,..,..,..,..,..,..,..,..,..,..,..,..,..,..,331.531226881102,348.23645207399,345.515216420496,374.758548986548,373.060458426305,368.633587243018,416.968406000165,505.922730940565,548.754397258959,520.407819405062,557.972148306983,465.388583932593,471.839254160954,449.688253967917,524.298145779737,588.593902705008,609.343017575007,692.126206397877,695.290253251516,751.575771728783,765.863235765695,807.938767268667,885.638224530948,997.741714073303,1097.45708762103,1247.06139160896,1335.45690588598,1741.14255168898,1795.18130720282,1770.23449659172,2178.92138307967,2458.0459761545,2422.00801577828,2350.88288924473,2504.71740655941,2615.31022007844
Bhutan,BTN,Net official development assistance and official aid received (current US$),DT.ODA.ALLD.CD,..,..,..,10000,10000,160000,50000,10000,140000,100000,210000,140000,190000,520000,610000,2100000,3220000,2900000,3120000,4960000,8060000,9650000,11250000,12920000,17240000,23390000,38930000,40460000,40650000,40570000,46000000,61410000,56160000,65150000,75100000,73220000,59520000,66020000,56220000,67160000,53390000,60780000,73400000,76900000,78260000,90100000,95720000,90940000,85080000,127310000,131380000,141220000,161650000,136800000,130640000,97280000
Burkina Faso,BFA,"Literacy rate, adult total (% of people ages 15 and above)",SE.ADT.LITR.ZS,..,..,..,..,..,..,..,..,..,..,..,..,..,..,..,8.68515,..,..,..,..,..,..,..,..,..,..,..,..,..,..,..,13.56923,..,..,..,..,12.84817,..,..,..,..,..,..,21.82292,..,23.55372,22.47258,28.72921,..,..,..,..,..,..,34.5994,..
Burkina Faso,BFA,GDP per capita (current US$),NY.GDP.PCAP.CD,68.424748569325,71.558180092437,76.5206113987061,78.372071942432,80.4727667455189,81.7251154955019,82.5456368946943,84.3631649403545,84.7330493468762,86.5202111123235,81.4998986817011,84.2878150139644,99.3267640249866,113.780584338816,124.359030451525,152.728220114244,155.648997960296,176.783367666295,225.941652537233,262.076009642159,282.685735299595,254.230780675111,245.09470243903,217.994750842831,193.843240284709,200.8944225118,256.762318808596,291.131963880905,313.061891095721,304.853438781463,351.979322852536,346.410672442444,240.963480980403,244.127073499416,193.070236298833,235.832197299769,249.360294415648,229.493117735387,255.7182333817,265.340115553605,226.47598136698,235.491232436187,260.763541319743,332.344305065633,371.323086483012,406.998807060623,422.633237360208,475.110012184526,569.761278420206,552.745552106433,575.446452687734,666.840410055466,673.822818226635,699.781537016479,703.821656461717,575.314454176312
Burkina Faso,BFA,Net official development assistance and official aid received (current US$),DT.ODA.ALLD.CD,200000,1350000,4430000,4140000,15400000,17270000,16860000,19620000,22810000,24000000,21990000,28790000,34320000,56900000,96320000,88500000,79870000,109070000,156880000,196160000,209960000,214830000,210190000,181140000,182980000,188490000,268910000,268180000,286780000,265280000,326530000,419650000,433380000,468990000,433100000,490450000,419240000,369110000,400120000,398760000,179780000,390940000,440270000,540840000,647380000,698190000,900550000,942710000,1000370000,1083700000,1044610000,981980000,1151640000,1045220000,1123510000,997050000
Burundi,BDI,"Literacy rate, adult total (% of people ages 15 and above)",SE.ADT.LITR.ZS,..,..,..,..,..,..,..,..,..,..,..,..,..,..,..,..,..,..,..,22.50855,..,..,..,..,..,..,..,..,..,..,37.38472,..,..,..,..,..,..,..,..,..,59.30362,..,..,..,..,..,..,..,48.08406,..,..,..,..,..,61.56973,..
Burundi,BDI,GDP per capita (current US$),NY.GDP.PCAP.CD,70.3490786064852,71.4872777291414,73.7817649496193,78.9002836003344,86.6031946364808,51.6573646771225,52.4767229561783,55.1316867125382,55.243404187824,56.0788814178728,70.2431270893069,72.1295529412513,69.6391925469869,85.0470001459123,95.413951050892,114.66358563208,119.90739092072,143.28912783689,155.917661842898,194.97538606952,223.407226181457,229.458186673044,233.817671036511,243.423806639733,215.944186275343,244.568937520968,248.210133926897,226.849715785079,210.750095890205,210.969520292236,209.051615161197,210.64387719953,191.310912981441,162.635224953531,157.543001456617,167.79917167617,143.853293287245,159.175528123232,144.474612191101,128.696439743929,135.998445465725,133.742768926491,122.433589296366,112.849370292195,127.429664803296,150.507043368766,165.87941756143,170.799900471753,196.247262831381,204.94465018984,231.194325649216,260.479907338153,265.285605131269,282.755525208188,312.748979387017,300.676556924016
Burundi,BDI,Net official development assistance and official aid received (current US$),DT.ODA.ALLD.CD,7530000,7190000,11070000,6160000,8090000,4860000,8930000,10410000,12970000,14930000,17670000,21680000,25760000,26860000,37350000,47470000,43800000,47640000,73910000,94340000,115950000,120650000,125400000,137610000,137670000,137160000,191310000,196620000,200500000,206240000,262550000,256400000,309280000,216950000,311110000,286950000,110520000,56400000,68750000,75100000,93310000,139250000,171910000,227600000,358820000,365580000,432020000,480000000,523240000,561480000,627910000,571770000,523260000,558830000,515400000,366540000
Cambodia,KHM,"Literacy rate, adult total (% of people ages 15 and above)",SE.ADT.LITR.ZS,..,..,..,..,..,..,..,..,..,..,..,..,..,..,..,..,..,..,..,..,..,..,..,..,..,..,..,..,..,..,..,..,..,..,..,..,..,..,67.33503,..,..,..,..,..,73.60995,..,..,..,77.58654,73.90003,..,..,..,..,..,..
Cambodia,KHM,GDP per capita (current US$),NY.GDP.PCAP.CD,111.342479726807,109.459474271003,109.479045391078,117.820382551689,123.643191374326,134.304155041423,138.848626403082,144.02556500813,157.214603483787,142.294962948275,102.704327202559,135.884775633632,69.2519061760737,94.3832760505384,78.1318239007355,..,..,..,..,..,..,..,..,..,..,..,..,..,..,..,..,..,..,254.179142533854,270.609163666601,323.009992803963,319.363254408391,304.837993028511,269.054640959116,295.973595726805,300.685094942824,321.226300353441,339.067698447482,362.421378512408,408.610518401118,474.223876626482,539.879152869659,631.675789036191,745.787787261428,738.232668432632,785.692884137826,882.49014616105,950.024413172994,1028.41956811393,1098.68712310927,1163.18977018231
Cambodia,KHM,Net official development assistance and official aid received (current US$),DT.ODA.ALLD.CD,27290000,25170000,22160000,23750000,12710000,9730000,11330000,13940000,10230000,12700000,18830000,40240000,67150000,145680000,307680000,81860000,720000,300000,270000,107990000,268670000,112450000,35890000,39030000,21810000,13840000,15310000,16620000,20270000,24720000,41310000,89710000,200520000,300510000,313350000,551000000,416530000,335440000,337670000,277450000,396390000,415350000,486340000,517290000,485770000,538570000,531400000,675900000,744230000,721130000,733980000,792430000,807690000,808210000,802680000,677060000
Central African Republic,CAF,"Literacy rate, adult total (% of people ages 15 and above)",SE.ADT.LITR.ZS,..,..,..,..,..,..,..,..,..,..,..,..,..,..,..,18.23617,..,..,..,..,..,..,..,..,..,..,..,..,33.62442,..,..,..,..,..,..,..,..,..,..,..,50.64517,..,..,..,..,..,..,..,..,..,36.75261,..,..,..,..,..
Central African Republic,CAF,GDP per capita (current US$),NY.GDP.PCAP.CD,74.5959442514248,80.520801991904,79.9677957743641,81.5879156525645,87.8587465027727,91.3220540229146,93.8448211707177,95.3219206925318,109.247781037155,104.919703676785,103.409867027109,108.039785716574,121.199730381112,140.013073535533,142.442762269099,187.699648981911,218.750657598489,240.37358765573,282.381226103551,315.862611227852,349.609916205372,296.064594731609,309.367732572567,264.197243594097,248.585187822368,328.31191977763,416.118841869447,435.893091847392,449.782937825329,429.541554070717,490.074561930037,456.897785770035,456.074153995567,401.977971585094,260.483571061156,332.677377160771,293.318885413723,266.607644659504,268.90042312911,271.855116509098,243.542931743829,243.158648629224,253.706834282582,286.250801903988,313.210598044673,327.114946078927,347.607367766294,397.148046663325,456.861433397657,449.960183909181,446.443449375206,494.330677886517,486.410113966205,337.484961398269,377.13202741973,348.381417033715
Central African Republic,CAF,Net official development assistance and official aid received (current US$),DT.ODA.ALLD.CD,30000,420000,1140000,1980000,16790000,15780000,15660000,20570000,17290000,19810000,14380000,15550000,25650000,25600000,36580000,54750000,38690000,44890000,50950000,83360000,110120000,101200000,89460000,92360000,131690000,103850000,135140000,180010000,204690000,188760000,248890000,173440000,177650000,171740000,167560000,167780000,169130000,91550000,120620000,118760000,75900000,76210000,60010000,51500000,110060000,88970000,133590000,176990000,257350000,239470000,260990000,268780000,228020000,202820000,611010000,486940000
Chad,TCD,"Literacy rate, adult total (% of people ages 15 and above)",SE.ADT.LITR.ZS,..,..,..,..,..,..,..,..,..,..,..,..,..,..,..,..,..,..,..,..,..,..,..,..,..,..,..,..,..,..,..,..,..,10.89465,..,..,..,..,..,..,25.65421,..,..,..,28.38143,..,..,..,..,..,..,..,..,..,..,26.00299
Chad,TCD,GDP per capita (current US$),NY.GDP.PCAP.CD,104.472101193636,109.129606410562,114.582173703088,116.777460972366,120.821473431259,125.975859412527,128.343150689247,130.961011536037,129.732618111699,132.17094300723,128.793859120627,134.689874917844,153.449997476765,165.624470991123,163.153103695311,211.500269402418,207.573638329707,219.878440294859,256.921432131165,227.184124723633,228.943436658043,190.218176418545,176.953340534302,172.37515069209,185.525878306925,202.8994615563,203.667180093975,215.127243820272,265.491994466541,248.554946967921,291.866159339068,305.221677835313,296.396487245259,223.206172704582,174.219548659473,206.538692708084,221.974272268098,206.144102583073,224.866147932702,190.835982590154,166.023178471673,197.315644181115,220.805482072823,292.591436432233,454.676587940598,660.242139573492,712.184769377316,801.683884044603,929.770239130465,804.455903856423,896.569734113861,989.236363298336,973.470257398779,986.010317729048,1025.99851471508,777.248705123231
Chad,TCD,Net official development assistance and official aid received (current US$),DT.ODA.ALLD.CD,30000,3260000,5520000,5560000,16550000,18270000,19010000,19830000,21720000,23750000,22350000,30410000,30790000,45280000,78480000,66730000,60880000,81600000,123150000,84740000,34990000,59560000,64150000,87430000,111410000,179050000,160310000,201790000,260690000,250570000,310580000,262310000,236700000,223470000,212290000,235020000,295780000,227960000,174440000,187930000,131330000,188600000,229250000,251990000,332080000,386440000,290730000,360650000,422230000,558330000,490160000,457360000,474840000,459340000,391930000,606670000
Comoros,COM,"Literacy rate, adult total (% of people ages 15 and above)",SE.ADT.LITR.ZS,..,..,..,..,..,..,..,..,..,..,..,..,..,..,..,..,..,..,..,..,47.91923,..,..,..,..,..,..,..,..,..,..,..,..,..,..,..,..,..,..,..,68.48923,..,..,..,..,..,..,..,..,..,..,..,49.19614,..,..,..
Comoros,COM,GDP per capita (current US$),NY.GDP.PCAP.CD,..,..,..,..,..,..,..,..,..,..,..,..,..,..,..,..,..,..,..,..,401.2150931669,359.791368136219,327.545075646727,331.808995114209,311.144433038399,322.203141173112,444.246948530796,521.522893802813,534.784386157272,497.290471921935,607.469401290559,582.306519200759,609.903219566427,586.653388456626,401.840936409312,487.797972971112,471.72127501467,422.548793806893,417.928473023034,420.877934215208,375.852856584753,395.931936301542,433.269145081919,544.506652602757,616.419723606328,621.903370202384,648.300871676333,720.759301258731,795.970501862599,778.545419864544,769.174288260466,829.758688479073,788.632652955229,834.341094890303,852.954307862846,727.646386827046
Comoros,COM,Net official development assistance and official aid received (current US$),DT.ODA.ALLD.CD,..,..,..,..,..,..,6100000,9700000,7850000,6360000,7890000,8820000,10210000,17620000,27340000,21560000,25260000,12090000,13440000,19580000,43250000,46370000,38070000,37630000,42680000,47130000,45930000,54070000,51220000,44070000,44880000,63300000,47870000,48620000,38700000,41600000,39200000,30200000,40620000,22090000,19310000,27670000,27580000,24610000,25880000,23140000,32000000,45050000,42040000,50790000,68330000,52210000,98810000,81230000,74950000,65780000
"Congo, Dem. Rep.",COD,"Literacy rate, adult total (% of people ages 15 and above)",SE.ADT.LITR.ZS,..,..,..,..,..,..,..,..,..,..,..,..,..,..,..,..,..,..,..,..,..,..,..,..,..,..,..,..,..,..,..,..,..,..,..,..,..,..,..,..,..,67.17299,..,..,..,..,..,61.20555,..,..,..,..,75.01719,..,..,..
"Congo, Dem. Rep.",COD,GDP per capita (current US$),NY.GDP.PCAP.CD,220.314063056673,197.390947677511,235.632406846809,377.42754184489,170.466067382292,232.811108983153,253.761636040931,184.134506205191,206.72228418284,258.618623682081,243.76315730786,272.081266475747,292.314009721796,362.863789899895,430.725431542654,447.000286452698,409.54854376357,509.099879201153,616.021659902977,587.190801815531,546.142397661985,463.685936418024,492.531709324983,387.493775688987,269.825943317852,240.770178106024,263.814560370345,242.996145982548,273.124687746187,269.587446203217,270.110580866253,253.042170789585,219.734237483952,275.735283844507,144.52069616216,135.673478089906,134.939946979025,138.964642011182,138.615475965894,102.644798535712,405.46965309375,153.69957329168,175.136071481294,173.916351831834,194.166786345182,218.523509172798,252.843045383867,280.121743652117,318.120134053478,..,318.075751596552,357.483493772145,398.140694830982,420.87049003093,461.56808529415,474.936048106405
"Congo, Dem. Rep.",COD,Net official development assistance and official aid received (current US$),DT.ODA.ALLD.CD,82090000,91160000,120970000,111500000,127020000,142070000,93110000,93800000,76660000,83750000,89360000,107270000,121690000,138920000,180090000,258080000,193120000,259600000,315640000,415360000,431230000,392150000,346470000,310300000,300320000,305360000,421560000,673730000,551730000,730110000,895790000,475280000,268520000,177820000,244810000,194750000,166160000,157880000,127020000,135510000,178440000,246640000,1176170000,5417030000,1919150000,1881800000,2197240000,1350840000,1767600000,2357760000,3483980000,5526470000,2846170000,2584010000,2400120000,2599240000
Djibouti,DJI,"Literacy rate, adult total (% of people ages 15 and above)",SE.ADT.LITR.ZS,..,..,..,..,..,..,..,..,..,..,..,..,..,..,..,..,..,..,..,..,..,..,..,..,..,..,..,..,..,..,..,..,..,..,..,..,..,..,..,..,..,..,..,..,..,..,..,..,..,..,..,..,..,..,..,..
Djibouti,DJI,GDP per capita (current US$),NY.GDP.PCAP.CD,..,..,..,..,..,..,..,..,..,..,..,..,..,..,..,..,..,..,..,..,..,..,..,..,..,801.172727261608,..,761.470312414935,748.195249198534,725.742532069468,766.1409545474,762.011321733063,777.262329602146,753.520188893783,790.032265170134,789.551769053208,767.46692890957,760.531447774996,755.596241765878,765.720488241375,768.17607674712,781.232219551995,792.154120027978,819.974117984813,864.184720607284,904.729748876566,965.669377892257,1047.58689638521,1214.07711829591,1253.65743119943,1325.99072352076,1430.98689832546,1536.15068518041,1622.6379744125,1740.91501089716,1862.16727373104
Djibouti,DJI,Net official development assistance and official aid received (current US$),DT.ODA.ALLD.CD,..,..,..,..,..,..,6470000,9750000,9710000,10520000,11830000,10650000,13350000,19480000,29060000,34400000,28130000,46230000,104400000,23180000,73040000,64510000,58820000,65430000,102090000,81390000,114930000,105300000,92600000,75020000,207010000,107160000,112190000,134430000,128570000,105560000,97080000,85650000,80980000,75150000,72240000,59400000,74100000,79260000,64330000,74170000,115380000,112680000,140820000,165840000,132030000,141400000,148270000,149250000,164730000,169560000
Eritrea,ERI,"Literacy rate, adult total (% of people ages 15 and above)",SE.ADT.LITR.ZS,..,..,..,..,..,..,..,..,..,..,..,..,..,..,..,..,..,..,..,..,..,..,..,..,..,..,..,..,..,..,..,..,..,..,..,..,..,..,..,..,..,..,52.51395,..,..,..,..,..,64.66297,..,..,..,..,..,..,..
Eritrea,ERI,GDP per capita (current US$),NY.GDP.PCAP.CD,..,..,..,..,..,..,..,..,..,..,..,..,..,..,..,..,..,..,..,..,..,..,..,..,..,..,..,..,..,..,..,..,152.986726546993,150.973094230453,172.321547242426,187.050447889575,222.545445913372,217.150929235972,231.226610235343,208.620974680709,208.196948652283,215.139210251802,201.768798115624,232.794545914417,287.422224311551,276.750809646129,297.828058802925,317.329433586554,326.082564151512,430.754449938105,482.1490904235,582.775530237486,..,..,..,..
Eritrea,ERI,Net official development assistance and official aid received (current US$),DT.ODA.ALLD.CD,..,..,..,..,..,..,..,..,..,..,..,30000,..,620000,2150000,1620000,..,2120000,4930000,4140000,4680000,5610000,4500000,4500000,4500000,..,1000000,2000000,2000000,..,4500000,..,1000000,67710000,154150000,148290000,157490000,123510000,168810000,149870000,178020000,284700000,226670000,316960000,263520000,349740000,126190000,158530000,145420000,142620000,162300000,133410000,135970000,81310000,82070000,92110000
Ethiopia,ETH,"Literacy rate, adult total (% of people ages 15 and above)",SE.ADT.LITR.ZS,..,..,..,..,..,..,..,..,..,..,..,..,..,..,..,..,..,..,..,..,..,..,..,..,..,..,..,..,..,..,..,..,..,..,27.01136,..,..,..,..,..,..,..,..,..,35.9,29.82034,..,38.99598,..,..,..,..,..,..,..,..
Ethiopia,ETH,GDP per capita (current US$),NY.GDP.PCAP.CD,..,..,..,..,..,..,..,..,..,..,..,..,..,..,..,..,..,..,..,..,..,202.791937550603,207.547986283695,223.78720692575,204.872166216525,232.371587736206,233.818380392866,242.045160107665,242.787327748671,247.026547505041,253.192948378398,270.244393472698,203.164502241593,164.958436330469,124.983045437426,133.728853871291,144.5003523721,140.861125737824,124.505623231545,119.134081818777,123.876205729993,120.17892791115,111.363435555958,118.873446581632,135.762385796471,161.626624773078,193.794905642516,243.302682246946,325.382554265056,379.756638540888,341.309909200504,354.846354368724,468.506724907536,502.153588732071,571.162275886001,645.465006707765
Ethiopia,ETH,Net official development assistance and official aid received (current US$),DT.ODA.ALLD.CD,15350000,20960000,26940000,24900000,15980000,20930000,25400000,27680000,42350000,38740000,39680000,46980000,47320000,66280000,116900000,131950000,139750000,115090000,139320000,190580000,211100000,244850000,199330000,338150000,359410000,718410000,631110000,623280000,965440000,727790000,1009250000,1091870000,1162510000,1081220000,1063580000,876980000,816500000,578910000,660240000,643290000,687800000,1103600000,1324740000,1621160000,1830300000,1929120000,2034550000,2551550000,3316360000,3823760000,3455160000,3492550000,3224480000,3885590000,3584720000,3233990000
"Gambia, The",GMB,"Literacy rate, adult total (% of people ages 15 and above)",SE.ADT.LITR.ZS,..,..,..,..,..,..,..,..,..,..,..,..,..,..,..,..,..,..,..,..,..,..,..,..,..,..,..,..,..,..,..,..,..,..,..,..,..,..,..,..,36.81773,..,..,..,..,..,..,..,..,..,..,..,..,41.95005,..,..
"Gambia, The",GMB,GDP per capita (current US$),NY.GDP.PCAP.CD,..,..,..,..,..,..,108.315825613282,112.157071895468,96.7325293660246,103.646007323492,116.92061381309,121.09807814744,124.671618129917,153.488377161709,189.50595329472,221.049997359076,209.149116591679,250.253695245569,302.619605838171,353.946688745193,398.896549773698,349.793089319413,333.304786966904,317.044733914396,252.942219600444,308.326847423161,242.171762686761,274.368393253301,316.319466496414,322.446305226116,345.855810076438,727.034660998026,729.041888077375,748.784209631722,719.975707261137,737.178791389951,773.43933714501,712.331878055912,723.794829579674,681.537417881347,635.563758415104,541.055891310495,440.947478592105,359.652178057176,413.839877806075,432.192906552327,439.342367277086,519.045267329458,607.947972854279,549.310828290351,562.482515949497,514.373860134866,504.974009761754,483.486300793845,434.465647079162,458.969002463444
"Gambia, The",GMB,Net official development assistance and official aid received (current US$),DT.ODA.ALLD.CD,540000,1430000,2550000,5120000,2550000,4250000,3590000,3010000,5840000,3670000,1310000,3530000,4880000,6440000,10190000,8040000,10850000,21250000,34180000,34310000,52640000,67380000,46110000,40380000,51750000,48040000,101400000,103290000,83220000,98660000,97260000,99540000,108840000,84900000,68890000,45430000,36060000,38900000,39450000,34350000,49640000,52730000,64470000,63290000,61340000,60760000,75200000,97200000,94550000,125170000,121100000,135720000,138980000,115680000,101530000,107850000
Guinea,GIN,"Literacy rate, adult total (% of people ages 15 and above)",SE.ADT.LITR.ZS,..,..,..,..,..,..,..,..,..,..,..,..,..,..,..,..,..,..,..,..,..,..,..,..,..,..,..,..,..,..,..,..,..,..,..,..,20.55375,..,..,..,..,..,..,29.70402,..,..,..,..,..,..,25.30774,..,..,..,32.00386,..
Guinea,GIN,GDP per capita (current US$),NY.GDP.PCAP.CD,..,..,..,..,..,..,..,..,..,..,..,..,..,..,..,..,..,..,..,..,..,..,..,..,..,..,367.624383773233,379.363468588292,429.225276743141,421.447936981288,441.412793264943,472.973793640238,485.974849103036,457.762848750864,448.44756423014,469.27610142223,475.746391897197,453.801150958948,421.998203404557,399.973964366999,340.051691750487,315.839800323726,322.811170974089,370.193178116151,386.328828253397,303.42449798582,427.069185852702,622.151667177585,674.597106795942,636.271709466238,635.671485240139,614.86944823632,654.799802694386,726.094074670497,744.682317792726,725.064689715606
Guinea,GIN,Net official development assistance and official aid received (current US$),DT.ODA.ALLD.CD,160000,2530000,10190000,23300000,14140000,24020000,14390000,8000000,6100000,13430000,10250000,9550000,4790000,11220000,19810000,24370000,10410000,22600000,59300000,55560000,88670000,106510000,115490000,66480000,120220000,112920000,168270000,220810000,254960000,363160000,291580000,377520000,447280000,410280000,358230000,415920000,298060000,381390000,359570000,237830000,153410000,289250000,254190000,250630000,274810000,192910000,173120000,227640000,332360000,217660000,220970000,202110000,607430000,467540000,563180000,538450000
Guinea-Bissau,GNB,"Literacy rate, adult total (% of people ages 15 and above)",SE.ADT.LITR.ZS,..,..,..,..,..,..,..,..,..,..,..,..,..,..,..,..,..,..,..,19.95825,..,..,..,..,..,..,..,..,..,..,..,..,..,..,..,..,..,..,..,..,41.35777,..,..,..,..,..,..,..,..,..,..,..,..,..,45.58116,..
Guinea-Bissau,GNB,GDP per capita (current US$),NY.GDP.PCAP.CD,..,..,..,..,..,..,..,..,..,..,110.607766837299,108.143763552876,118.279179181686,118.176121658824,128.455648905147,139.999923130476,143.321595465134,146.133616350474,155.57087716425,149.581778212559,138.169792154416,189.970091966023,198.787072995383,191.517443629232,157.923554068703,159.927530602807,141.299202444022,184.223431763213,170.291983070093,215.618314696146,241.002484993985,247.938421176918,212.940809854693,217.607532294016,211.59525761429,223.341840136624,233.309560694103,227.638267956219,172.060148758121,183.853010537584,297.751944288718,309.486749001111,321.481320392982,360.571858534299,393.313824367448,424.953458492385,418.944500393414,481.069497596642,583.544562168827,544.222077875623,546.721668646992,688.771819686925,604.268355185121,622.135106579748,611.438426719103,585.210556939796
Guinea-Bissau,GNB,Net official development assistance and official aid received (current US$),DT.ODA.ALLD.CD,..,810000,..,..,..,..,2810000,510000,..,70000,..,110000,..,10000,10060000,20760000,24850000,39050000,49610000,52530000,58100000,64120000,63230000,63030000,54390000,56470000,69250000,111070000,100820000,114900000,126350000,112820000,107300000,94530000,174360000,117600000,180770000,124530000,96010000,52600000,81070000,60690000,59880000,145370000,77850000,66760000,88200000,123430000,135200000,148360000,128130000,121010000,79660000,105630000,110260000,95080000
Haiti,HTI,"Literacy rate, adult total (% of people ages 15 and above)",SE.ADT.LITR.ZS,..,..,..,..,..,..,..,..,..,..,..,..,..,..,..,..,..,..,..,..,..,..,34.73469,..,..,..,..,..,..,..,..,..,..,..,..,..,..,..,..,..,..,..,..,58.7439,..,..,48.68502,..,..,..,..,..,..,..,..,..
Haiti,HTI,GDP per capita (current US$),NY.GDP.PCAP.CD,..,..,..,..,..,..,..,..,..,..,..,..,..,..,..,..,..,..,..,..,..,..,..,..,..,..,..,..,..,..,..,479.549267774993,305.555369236069,249.412746625774,282.422701073337,359.767656871175,365.011386323648,411.608644036345,450.918615881115,494.23242055847,462.480652433476,413.738316362413,393.016302745235,329.782094609998,387.942972536733,465.310187576477,505.470620633981,615.819819181413,674.756414674589,668.297604584601,662.279518162433,740.935845216079,766.843762318888,810.265607301884,830.114811747702,814.546395216916
Haiti,HTI,Net official development assistance and official aid received (current US$),DT.ODA.ALLD.CD,9740000,13170000,4920000,3310000,3910000,6290000,4170000,3540000,5810000,5040000,7720000,6100000,6730000,7790000,13660000,56160000,70310000,86090000,91080000,90790000,103920000,106130000,126090000,131890000,131970000,148820000,180630000,212910000,141730000,195970000,167390000,177290000,100980000,120650000,599840000,722220000,367310000,324970000,407170000,263000000,208010000,170330000,155770000,212520000,298800000,425810000,581480000,701650000,912120000,1122020000,3037580000,1691760000,1273350000,1152130000,1082360000,1042670000
Kiribati,KIR,"Literacy rate, adult total (% of people ages 15 and above)",SE.ADT.LITR.ZS,..,..,..,..,..,..,..,..,..,..,..,..,..,..,..,..,..,..,..,..,..,..,..,..,..,..,..,..,..,..,..,..,..,..,..,..,..,..,..,..,..,..,..,..,..,..,..,..,..,..,..,..,..,..,..,..
Kiribati,KIR,GDP per capita (current US$),NY.GDP.PCAP.CD,..,..,..,..,..,..,..,..,..,..,279.324700939733,293.67866369308,358.483396677794,591.57260140626,1574.79173174353,998.419710195089,734.401941863524,682.064063310723,784.052345128949,728.475121134018,652.447033879644,687.971663578508,665.989266783779,612.57994168239,657.152244033346,501.931915757358,489.72132081758,499.67645845216,621.900882744431,580.295253332133,549.764385429195,644.710845072179,638.472566794407,619.654573396411,715.167114844734,724.7913054035,842.959139113718,842.281248008607,801.16298050809,832.054794307501,796.793763441361,734.949246079786,826.585504011134,1015.03860509648,1130.60280610635,1214.55666670492,1151.55561776067,1357.63221134262,1413.30233951267,1297.28514057002,1493.16051003948,1692.61327703329,1763.81549743152,1724.36173659455,1619.34256645477,1504.71535310173
Kiribati,KIR,Net official development assistance and official aid received (current US$),DT.ODA.ALLD.CD,20000,260000,320000,410000,280000,430000,620000,1430000,1280000,1380000,2180000,2540000,4210000,5970000,5610000,5660000,4030000,6170000,10710000,9060000,19160000,15330000,15100000,16800000,11940000,12030000,13380000,18360000,16160000,17450000,20220000,19800000,26540000,15730000,15280000,15340000,12800000,15680000,17380000,20930000,17940000,12430000,20880000,18570000,16980000,28120000,25550000,27390000,27460000,25290000,23410000,64900000,65670000,64990000,80660000,64950000
Lao PDR,LAO,"Literacy rate, adult total (% of people ages 15 and above)",SE.ADT.LITR.ZS,..,..,..,..,..,..,..,..,..,..,..,..,..,..,..,..,..,..,..,..,..,..,..,..,..,..,..,..,..,..,..,..,..,..,..,60.25133,..,..,..,..,69.58312,68.73439,..,..,..,72.70226,..,..,..,..,..,58.28794,..,..,..,..
Lao PDR,LAO,GDP per capita (current US$),NY.GDP.PCAP.CD,..,..,..,..,..,..,..,..,..,..,..,..,..,..,..,..,..,..,..,..,..,..,..,..,489.948727063378,641.738631479383,468.324170562282,278.41939086701,148.984407685973,172.541426822536,203.255969785383,234.719369360019,250.492229217219,287.187592933953,325.629241773199,363.471618271691,377.97125590484,345.496943120567,248.541398375164,277.495102820575,324.845049645308,326.640843433211,319.827058448336,362.625295771488,417.751656096427,475.416469486973,590.30131077706,709.767087046745,899.495078724883,948.127642147914,1141.12711507419,1304.38401463233,1588.63314741663,1838.8060199232,2017.58778126222,2159.43373515764
Lao PDR,LAO,Net official development assistance and official aid received (current US$),DT.ODA.ALLD.CD,33370000,51680000,31240000,36500000,45790000,68200000,69190000,74020000,60000000,66800000,69240000,72320000,66740000,75560000,59870000,38340000,28620000,31630000,71090000,54050000,45850000,42900000,45250000,35660000,35980000,39660000,46690000,57290000,75820000,142990000,149070000,139750000,163640000,201030000,215200000,307910000,332110000,328780000,275780000,294610000,280890000,244840000,278080000,301260000,270030000,297420000,365170000,397440000,496590000,417290000,413420000,399790000,410470000,423330000,474420000,471090000
Lesotho,LSO,"Literacy rate, adult total (% of people ages 15 and above)",SE.ADT.LITR.ZS,..,..,..,..,..,..,..,..,..,..,..,..,..,..,..,..,..,..,..,..,..,..,..,..,..,..,..,..,..,..,..,..,..,..,..,..,..,..,..,..,86.25443,..,..,..,..,..,..,..,..,75.8002,..,..,..,..,76.6352,..
Lesotho,LSO,GDP per capita (current US$),NY.GDP.PCAP.CD,40.6055353025475,41.201213687709,47.4502225384491,52.3443123037362,56.712943367571,58.7785664104531,59.5447476939649,60.998541226155,61.972091632277,65.1835009030367,66.539494920377,72.5324911667731,75.1768325287805,110.241719191952,134.222128698862,129.980848714594,125.159968769149,159.652648960968,214.387669482572,227.266332473587,329.406493519386,323.131104784611,253.202044090059,274.169466995148,231.005203286424,182.467308985456,212.594959401322,264.035014128367,303.425601400866,314.338815125946,371.844238710688,430.909677153263,498.484477787737,491.420534143218,506.997778391244,568.816383775527,529.366960661365,551.241058810051,506.994604896872,493.249377400589,474.819790600388,437.819015426502,407.80939071857,603.636278327567,781.514595393181,862.946308366279,915.775748629971,918.540696236012,935.394139075698,924.105932063372,1169.26784178666,1350.67765339316,1281.62055793461,1192.99877202102,1218.46610553204,1152.31958533797
Lesotho,LSO,Net official development assistance and official aid received (current US$),DT.ODA.ALLD.CD,1560000,4140000,5930000,5640000,5660000,9490000,12540000,13780000,13180000,13070000,9730000,16570000,13840000,13930000,20620000,28480000,28520000,36670000,49410000,64710000,93160000,103250000,92350000,106180000,98460000,92180000,85380000,104850000,108900000,134510000,139130000,123310000,143160000,143060000,115620000,112650000,103210000,91490000,61850000,31670000,37170000,55550000,77000000,79130000,95310000,68440000,71190000,129290000,144710000,122280000,256050000,256770000,276260000,320670000,107170000,83140000
Liberia,LBR,"Literacy rate, adult total (% of people ages 15 and above)",SE.ADT.LITR.ZS,..,..,..,..,..,..,..,..,..,..,..,..,..,..,..,..,..,..,..,..,..,..,..,..,32.10677,..,..,..,..,..,..,..,..,..,..,..,..,..,..,..,..,..,..,..,..,..,..,42.94108,..,..,..,..,..,..,..,..
Liberia,LBR,GDP per capita (current US$),NY.GDP.PCAP.CD,170.037837640017,160.631571041043,163.917196363885,167.291563969955,178.813389047523,182.97360196397,190.56503904697,198.657550072644,205.586743617299,222.333459120681,228.092541698758,234.866985101066,246.43187336774,252.059008786311,308.403928681809,355.412110549269,356.799437899898,391.174020874298,404.93322252684,445.605324046832,452.632083435276,432.456463900083,425.195363830991,391.540535952306,392.979770634745,388.26670254566,381.938321389497,443.993513532263,479.564359911135,368.890817607112,183.289211684735,168.91014611213,110.494287667799,80.1900564330023,65.6768767217203,65.011415580169,72.7462247493245,125.462747231361,140.960901773457,161.564122086598,183.414999088237,174.181547320546,177.285108736499,133.494510840492,149.445254932134,168.648025438255,178.92709898994,210.373329173465,232.061732031702,303.066749083307,327.420509735634,379.68958030469,415.036195795687,454.122223619442,458.465173386609,452.038071650923
Liberia,LBR,Net official development assistance and official aid received (current US$),DT.ODA.ALLD.CD,9920000,26870000,79080000,34090000,15740000,35310000,37960000,25660000,16330000,16370000,12890000,12750000,12910000,10290000,14540000,20010000,26460000,32620000,46570000,80380000,97050000,108190000,108310000,117250000,130510000,90490000,96840000,78100000,64220000,60130000,113740000,157630000,119600000,122330000,63400000,123100000,172670000,75690000,71990000,93950000,67420000,38480000,54990000,106780000,213390000,222090000,260900000,702020000,1250410000,510750000,1414450000,762250000,566710000,535930000,749610000,1094460000
Madagascar,MDG,"Literacy rate, adult total (% of people ages 15 and above)",SE.ADT.LITR.ZS,..,..,..,..,..,..,..,..,..,..,..,..,..,..,..,..,..,..,..,..,..,..,..,..,..,..,..,..,..,..,..,..,..,..,..,..,..,..,..,..,70.68617,..,..,..,..,..,..,..,..,64.48091,..,..,71.57262,..,..,..
Madagascar,MDG,GDP per capita (current US$),NY.GDP.PCAP.CD,131.993036021481,133.847581548997,138.119849134351,138.407165710001,142.659339874138,144.484654967434,152.107820130914,157.476387051252,165.47845506561,165.011573016589,169.070560104901,177.498409996111,193.128554834725,231.436185504826,261.03534138606,302.149467628329,280.679038856997,294.933988153902,324.384495708828,408.937427732993,463.731466023759,400.705603052457,381.865801322235,369.472871424578,300.534090569938,283.985803389459,314.746051107065,240.955452416283,223.011276381529,221.682033013421,265.676118926027,222.15374431496,245.864316227243,265.934507379578,227.836905482236,234.494058207896,287.356559593887,247.129410232435,252.465205803687,243.252751462484,245.939065850803,278.555703176672,262.285948115462,316.799896490486,245.123587583262,274.819702299258,292.150744287583,377.848292823497,470.733254004499,415.689322591492,412.730934137725,454.963463976433,443.906100111531,461.723072174234,452.463192574895,402.088307201027
Madagascar,MDG,Net official development assistance and official aid received (current US$),DT.ODA.ALLD.CD,2650000,1490000,4990000,8290000,47590000,50820000,47700000,43640000,48620000,45570000,47950000,46880000,54700000,52500000,62750000,82210000,61350000,60580000,90470000,137090000,229550000,232980000,240120000,181180000,150210000,184640000,309820000,330590000,295980000,347230000,396960000,455110000,361550000,361220000,288140000,299410000,354690000,837670000,484670000,362390000,324480000,374530000,373940000,545360000,1252520000,916150000,784410000,896830000,847200000,434440000,477160000,447130000,368490000,499280000,586240000,677010000
Malawi,MWI,"Literacy rate, adult total (% of people ages 15 and above)",SE.ADT.LITR.ZS,..,..,..,..,..,..,..,..,..,..,..,..,..,..,..,..,..,..,..,..,..,..,..,..,..,..,..,48.53665,..,..,..,..,..,..,..,..,..,..,64.13425,..,..,..,..,..,..,..,..,..,..,..,61.30972,..,..,..,65.14537,62.14354
Malawi,MWI,GDP per capita (current US$),NY.GDP.PCAP.CD,45.0340893263276,47.1835282561152,48.3876597313106,49.280562413264,49.1344100075454,56.5357651886991,62.6244451767869,63.3065380726841,56.0923656923047,59.271651676654,63.1054727372065,77.2705681063834,83.5631248979797,88.9148601464149,106.710218727883,115.854735815231,122.886435285223,143.271618992809,163.424942250145,176.785663798085,200.818757307993,195.602285894327,181.988248425894,183.629977450089,175.179624809732,156.889962388198,155.22943516668,145.696775025121,159.770081429023,174.849827568585,199.287272009475,228.555239299149,184.951870347113,212.246563991054,120.629255360872,141.027521628678,225.626775958726,256.528066237145,163.533588888079,160.798876782783,153.259487234827,146.761539725235,290.979897687755,260.105251697695,274.225629402118,280.367384226713,297.697121125902,320.222727439819,372.842677955877,420.737965737717,458.868174427665,512.125405055438,374.501880192755,332.922303904319,354.725396088931,362.657544352305
Malawi,MWI,Net official development assistance and official aid received (current US$),DT.ODA.ALLD.CD,4160000,8230000,11610000,16460000,32560000,33910000,31710000,30040000,46930000,27500000,36770000,31520000,36170000,29610000,41390000,62880000,61660000,78910000,98210000,141420000,141180000,136640000,120230000,115490000,181320000,112460000,194490000,275840000,375600000,417300000,500360000,549570000,578040000,497340000,471140000,435140000,492540000,344100000,434680000,446780000,448150000,411100000,379740000,519570000,507420000,573650000,722870000,743950000,925330000,774180000,1017160000,797450000,1170090000,1132670000,931450000,1049390000
Mali,MLI,"Literacy rate, adult total (% of people ages 15 and above)",SE.ADT.LITR.ZS,..,..,..,..,..,..,..,..,..,..,..,..,..,..,..,..,9.43381,..,..,..,..,..,..,..,..,..,..,..,..,..,..,..,..,..,..,..,..,..,19.04497,..,..,..,..,24,..,..,26.17655,..,..,..,31.09975,33.56094,..,..,..,33.06889
Mali,MLI,GDP per capita (current US$),NY.GDP.PCAP.CD,..,..,..,..,..,..,..,48.2798654834855,59.4675275565151,57.9918001150996,60.4756500013374,71.1547032389973,79.1574879222282,90.1001936661963,84.5976489245494,128.151031964373,142.376885435342,156.40282702979,178.985442161326,229.340209555098,248.188933681431,212.732609924992,180.538188870041,172.032033501802,160.252842777987,177.759916329217,232.825303733102,259.133915845779,265.140307996911,262.568597727059,316.816594090272,314.836999416537,319.191411984995,309.515077974667,222.576797891642,281.788681118459,282.08134399161,266.668046992599,281.322127435061,322.538680004667,269.348382916517,306.847323728709,334.202401590128,391.791280070687,439.357292447579,487.940255637836,521.642579626446,595.636831880323,689.678422757148,697.015312357325,708.370763247419,835.088909759748,777.347686759476,803.893575679405,848.227948548031,749.950157148436
Mali,MLI,Net official development assistance and official aid received (current US$),DT.ODA.ALLD.CD,80000,2440000,9560000,7110000,17240000,21610000,24950000,17200000,27890000,23220000,22090000,29840000,37810000,70610000,115890000,143970000,87040000,110200000,157080000,187530000,266420000,228010000,208840000,218370000,319570000,378650000,378690000,360150000,435380000,447180000,479170000,449680000,429690000,369960000,440150000,540410000,490170000,429330000,346820000,354390000,288040000,351740000,420480000,556230000,585300000,724590000,869200000,1021020000,967390000,984660000,1091460000,1267630000,995580000,1397560000,1235920000,1200450000
Mozambique,MOZ,"Literacy rate, adult total (% of people ages 15 and above)",SE.ADT.LITR.ZS,..,..,..,..,..,..,..,..,..,..,..,..,..,..,..,..,..,..,..,..,26.99771,..,..,..,..,..,..,..,..,..,..,..,..,..,..,..,..,38.70788,..,..,..,..,..,48.15884,..,..,..,..,..,50.58381,..,..,..,..,..,..
Mozambique,MOZ,GDP per capita (current US$),NY.GDP.PCAP.CD,..,..,..,..,..,..,..,..,..,..,..,..,..,..,..,..,..,..,..,..,297.618882949593,291.52539168076,291.087212787433,255.688498127679,262.659868911038,343.199456635921,402.565450484003,180.795824720161,161.012354547305,177.199729213506,189.624538216333,240.124274697301,162.826959820363,163.614393660182,161.704880904404,160.017617695495,216.875428347935,253.109647779986,284.373291018735,301.539471988763,277.648659095599,256.441487198413,262.884055131003,283.891158779196,336.331814516981,369.154535872339,385.756714147082,422.146157334164,503.127710872855,463.852617981066,419.225814942685,526.531351664068,566.051387255338,605.985608081366,623.287114146296,528.313975804957
Mozambique,MOZ,Net official development assistance and official aid received (current US$),DT.ODA.ALLD.CD,20000,3590000,90000,170000,-40000,..,6850000,18030000,20000,30000,80000,120000,130000,110000,690000,20330000,69870000,79800000,104080000,143900000,167060000,140250000,204510000,207010000,254320000,295690000,420030000,665210000,916600000,805000000,997510000,1065100000,1459680000,1176960000,1199940000,1063390000,886730000,948210000,1039950000,818670000,907390000,961470000,2217370000,1049520000,1244290000,1289860000,1641940000,1772950000,1993080000,2013600000,1943140000,2065470000,2071700000,2312700000,2106010000,1815030000
Myanmar,MMR,"Literacy rate, adult total (% of people ages 15 and above)",SE.ADT.LITR.ZS,..,..,..,..,..,..,..,..,..,..,..,..,..,..,..,..,..,..,..,..,..,..,..,78.57041,..,..,..,..,..,..,..,..,..,..,..,..,..,..,..,..,89.94176,..,..,..,..,..,..,..,..,..,..,..,..,..,..,..
Myanmar,MMR,GDP per capita (current US$),NY.GDP.PCAP.CD,..,..,..,..,..,..,..,..,..,..,..,..,..,..,..,..,..,..,..,..,..,..,..,..,..,..,..,..,..,..,..,..,..,..,..,..,..,..,..,..,193.187480441924,138.924927549498,143.776005120004,219.782325975816,219.815668810498,247.242700620686,296.900728388917,410.450000139333,643.951370288554,741.077711590194,987.73658320217,1186.42393738945,1175.56178795298,1171.46447748189,1260.42241087532,1138.99227090869
Myanmar,MMR,Net official development assistance and official aid received (current US$),DT.ODA.ALLD.CD,35660000,21380000,28560000,42000000,21360000,17110000,16780000,12820000,15510000,28630000,23030000,40840000,44340000,70490000,66700000,57640000,70740000,101470000,273600000,362790000,307910000,282010000,316420000,298570000,267560000,344090000,399450000,350270000,435430000,174570000,160770000,177010000,113980000,100150000,167070000,150160000,38920000,49380000,72140000,81050000,105640000,125670000,119030000,125020000,123450000,144830000,145710000,195890000,534590000,355960000,354920000,379950000,504530000,3936120000,1384510000,1168520000
Nepal,NPL,"Literacy rate, adult total (% of people ages 15 and above)",SE.ADT.LITR.ZS,..,..,..,..,..,..,..,..,..,..,..,..,..,..,..,..,..,..,..,..,..,20.57367,..,..,..,..,..,..,..,..,..,32.97559,..,..,..,..,..,..,..,..,..,48.60897,..,..,..,..,..,..,..,..,..,59.62725,..,..,..,..
Nepal,NPL,GDP per capita (current US$),NY.GDP.PCAP.CD,50.5151404450504,52.0418806217462,55.2850368881796,47.0939471530651,46.2425117015135,67.3708701350945,81.6220892877594,74.4001918437784,66.9508382507482,67.0529928889093,72.1770656120715,72.099166825518,81.9316470326982,76.153936515052,93.3984519939748,118.250881669921,106.657459568908,99.2657037855103,112.64076281385,127.087888960735,130.579472478816,149.228265747525,153.482003631569,153.19334306835,157.898646621681,156.656353049217,166.701470789842,169.170456152919,195.092017119732,192.703717458199,193.47612413216,203.765397846674,172.006210109622,180.10974595055,194.889067648694,205.693841429967,206.433006590964,219.684466028359,212.468946506911,215.98059212175,231.425500390656,248.618353877275,246.307562056412,253.720041240682,287.400105577955,317.089198005742,348.631453417498,393.884351771306,473.844440907314,480.72009086822,592.183521642014,692.116684217348,681.792586817722,688.617278796698,706.238697681072,747.160462355857
Nepal,NPL,Net official development assistance and official aid received (current US$),DT.ODA.ALLD.CD,8620000,10730000,9040000,16220000,19490000,17880000,15180000,13970000,10900000,10840000,23430000,23840000,30130000,35200000,32020000,43660000,49630000,77480000,75790000,133760000,159990000,178220000,196790000,197870000,193930000,230620000,295010000,350290000,408360000,497880000,422840000,448760000,430870000,363410000,446620000,429560000,389230000,401870000,400860000,348500000,386420000,388990000,342910000,464480000,425940000,423130000,527670000,604410000,697020000,853750000,814400000,886630000,769680000,873330000,883820000,1215760000
Niger,NER,"Literacy rate, adult total (% of people ages 15 and above)",SE.ADT.LITR.ZS,..,..,..,..,..,..,..,..,..,..,..,..,..,..,..,..,..,..,..,..,..,..,..,..,..,..,..,..,..,..,..,..,..,..,..,..,..,..,..,..,..,14.37604,..,..,..,28.67242,..,..,..,..,..,..,15.4567,..,..,..
Niger,NER,GDP per capita (current US$),NY.GDP.PCAP.CD,132.652162430184,139.341401610981,148.192163309158,158.721209559822,153.266256131635,172.047742818894,174.364020841792,160.599284778396,150.387564650093,142.704632683376,144.090377359003,149.547062736221,155.781776106676,193.060780620777,203.572136729241,202.262132899463,199.537762361204,235.198802485102,313.916162001239,362.511899634972,418.86206821735,352.188725640645,318.015563663651,276.129989412375,217.435792994786,208.299141000661,267.551706335036,304.890162962836,302.424360846458,280.5468546447,309.586464153451,281.396466744683,274.286035442202,181.690380262063,170.809408487813,198.452809633852,202.421403840517,181.295535305999,196.725024122843,184.346476644865,158.405597226702,165.250724657477,177.820838376822,215.805040778769,232.566157436879,250.038373081288,258.046387283884,292.559619972825,354.81859978623,341.289461776604,348.151510969273,375.58198660135,391.515502437865,416.14008377196,429.790888993092,362.752126301434
Niger,NER,Net official development assistance and official aid received (current US$),DT.ODA.ALLD.CD,40000,1990000,4380000,4510000,14860000,15130000,22070000,22020000,30650000,33380000,31540000,40890000,43240000,70850000,134810000,137270000,125710000,95020000,155230000,172530000,165430000,191360000,257160000,173570000,157750000,297640000,303710000,354650000,371410000,298050000,387590000,369560000,356710000,338520000,372950000,272390000,252060000,333230000,292340000,187270000,209210000,258980000,295810000,481020000,548680000,523090000,541940000,545970000,615450000,470630000,741380000,644670000,891140000,797300000,917780000,865870000
Rwanda,RWA,"Literacy rate, adult total (% of people ages 15 and above)",SE.ADT.LITR.ZS,..,..,..,..,..,..,..,..,..,..,..,..,..,..,..,..,..,..,38.24343,..,..,..,..,..,..,..,..,..,..,..,..,57.85349,..,..,..,..,..,..,..,..,64.8886,..,..,..,..,..,..,..,..,..,65.85227,..,68.33103,..,..,..
Rwanda,RWA,GDP per capita (current US$),NY.GDP.PCAP.CD,40.5668807961198,40.7196618532917,40.9754946889206,41.2507750633908,41.1168065270719,46.0262968560447,37.5181158094747,46.6779464865312,48.8197273636811,51.8322538840534,58.5690783507225,57.6352520983515,61.8665658399681,70.8735755066269,72.9768373617611,131.188627296722,141.738612391062,160.652411732618,188.543088388738,223.295027515461,244.083771585875,264.732669084992,256.360009529794,260.801691106445,269.880708264061,280.326118347233,303.49728595797,320.46821803745,340.744364761359,333.288885921725,352.44013419774,271.081437945641,302.756164532316,312.945155061263,125.49949175734,218.20478930012,226.050188548887,283.87762349709,281.784162727601,239.378126787205,216.172747044553,201.056965408625,196.509707780789,212.661949073556,236.911438147777,287.093187674969,342.365629421051,404.853303927227,500.668726431902,539.153821072148,563.491048683175,617.310764781771,678.079697291679,688.876855732777,706.569951658266,710.348390658908
Rwanda,RWA,Net official development assistance and official aid received (current US$),DT.ODA.ALLD.CD,7530000,7180000,11060000,6720000,7240000,8170000,11910000,13430000,16080000,17650000,21740000,25130000,30090000,38820000,46500000,90370000,78760000,94960000,124240000,147210000,154110000,153300000,150250000,148720000,162780000,176630000,205030000,238970000,244910000,225630000,287920000,359160000,348930000,353910000,711750000,694700000,465310000,229730000,350130000,373140000,321460000,304660000,359590000,335960000,491140000,572710000,605390000,720060000,935500000,934250000,1033090000,1262830000,878640000,1086290000,1035030000,1081720000
Sao Tome and Principe,STP,"Literacy rate, adult total (% of people ages 15 and above)",SE.ADT.LITR.ZS,..,..,..,..,..,..,..,..,..,..,..,..,..,..,..,..,..,..,..,..,..,57.32426,..,..,..,..,..,..,..,..,..,73.24242,..,..,..,..,..,..,..,..,..,84.90851,..,..,..,..,..,..,69.53639,..,..,..,90.1431,..,..,..
Sao Tome and Principe,STP,GDP per capita (current US$),NY.GDP.PCAP.CD,..,..,..,..,..,..,..,..,..,..,..,..,..,..,..,..,..,..,..,..,..,..,..,..,..,..,..,..,..,..,..,..,..,..,..,..,..,..,..,..,..,510.021638111223,555.818537789346,649.340215335806,693.304568312162,810.860156981204,843.800944749184,894.09279877071,1126.46210206395,1099.57104570822,1129.75496146201,1304.32618930158,1380.94995918409,1619.53267760463,1824.16031123871,1615.32071145656
Sao Tome and Principe,STP,Net official development assistance and official aid received (current US$),DT.ODA.ALLD.CD,110000,1010000,..,..,..,..,1060000,380000,210000,..,..,..,..,..,..,840000,11650000,3040000,3980000,2950000,3820000,6000000,9840000,11580000,11170000,12210000,12350000,17220000,24430000,44500000,54120000,51010000,56430000,46490000,49930000,84090000,47400000,33420000,28060000,27520000,34940000,38180000,26090000,37850000,33680000,32700000,23060000,51090000,47330000,30510000,50230000,73430000,50660000,53750000,41380000,48950000
Senegal,SEN,"Literacy rate, adult total (% of people ages 15 and above)",SE.ADT.LITR.ZS,..,..,..,..,..,..,..,..,..,..,..,..,..,..,..,..,..,..,..,..,..,..,..,..,..,..,..,..,26.86885,..,..,..,..,..,..,..,..,..,..,..,..,..,39.27525,..,..,..,41.89115,..,..,49.69513,..,52.05196,..,42.8175,..,..
Senegal,SEN,GDP per capita (current US$),NY.GDP.PCAP.CD,247.236284269612,253.844835391658,253.162267338223,254.581296483533,262.308382943856,259.534910566011,259.933529188255,252.512316981489,257.701157322049,238.001004661448,240.712087253751,241.114402178474,282.938340338329,315.560326932928,345.304780346171,452.927873342141,447.582737933144,447.204749921552,487.497494111272,592.256512498909,626.408698665606,552.449456616391,525.278118962421,454.749851170371,430.178897688106,456.795607772211,626.646841060942,731.184241114867,701.346375189984,670.396134395602,756.608530057429,721.115052604468,747.832001885935,686.497980436174,455.488500402854,557.784257485442,564.495982600714,508.072603073536,534.097916071383,533.285122459269,473.450033807704,481.287039653752,513.026226980541,642.766311288833,733.058181120585,773.869871266143,809.803829621985,950.397852182399,1101.20211677825,1021.03786401425,1002.52994032218,1081.93925407848,1038.07764613247,1051.75074536384,1052.12748192149,910.774777246034
Senegal,SEN,Net official development assistance and official aid received (current US$),DT.ODA.ALLD.CD,130000,240000,12840000,11180000,57460000,47520000,43840000,48070000,49230000,55240000,42510000,53240000,48200000,78440000,138160000,139390000,118050000,119690000,212500000,303840000,261110000,394860000,284620000,326430000,361890000,290480000,580230000,664230000,599750000,710790000,811730000,627520000,662380000,493120000,635490000,652340000,573880000,424530000,502080000,535980000,432150000,423580000,445280000,458280000,1066340000,701350000,869360000,865350000,1065820000,1017990000,936400000,1054600000,1075780000,994480000,1108750000,879200000
Sierra Leone,SLE,"Literacy rate, adult total (% of people ages 15 and above)",SE.ADT.LITR.ZS,..,..,..,..,..,..,..,..,..,..,..,..,..,..,..,..,..,..,..,..,..,..,..,..,..,..,..,..,..,..,..,..,..,..,..,..,..,..,..,..,..,..,..,..,34.82679,..,..,..,..,..,..,..,..,32.42617,..,..
Sierra Leone,SLE,GDP per capita (current US$),NY.GDP.PCAP.CD,140.180257616588,140.749664075719,145.035841878424,145.323931623778,152.696905374489,145.304139438359,149.435675854858,136.593437161037,127.036954912807,154.65410059913,161.355342767598,152.797958275989,166.027807036219,200.866850780416,221.553452655977,226.908496249494,194.222728741075,220.676840115834,299.36104923044,337.588038290956,327.055457196499,323.582246628607,367.436958461777,275.747566220854,293.953659267479,225.524206452299,125.287980697562,173.820399171488,254.054420960296,219.550873642805,150.651151812871,179.833635850247,156.995122423568,178.490588835779,212.88437298339,203.694879106409,219.91246691884,197.47460689335,154.439733351574,150.836972455206,139.314773381037,227.779047122987,249.939540208874,263.761831208246,263.104581654582,287.689194167174,322.313468011784,358.82747162133,406.375917792695,394.593243886635,405.128401768805,445.052005000457,561.898423858481,710.818699843413,708.442747409166,587.516261102807
Sierra Leone,SLE,Net official development assistance and official aid received (current US$),DT.ODA.ALLD.CD,6720000,14970000,7600000,9790000,10060000,17520000,10220000,7490000,10730000,8810000,6630000,10410000,10200000,14080000,10320000,16630000,13000000,25280000,39310000,52920000,90560000,59600000,81750000,64800000,57910000,63800000,90490000,66010000,101520000,98660000,59320000,103270000,133060000,206470000,273730000,212270000,182520000,118010000,106530000,73730000,180640000,334630000,383210000,337170000,376230000,339980000,380340000,545910000,379340000,447290000,458300000,423890000,439750000,449070000,914140000,946390000
Solomon Islands,SLB,"Literacy rate, adult total (% of people ages 15 and above)",SE.ADT.LITR.ZS,..,..,..,..,..,..,..,..,..,..,..,..,..,..,..,..,..,..,..,..,..,..,..,..,..,..,..,..,..,..,..,..,..,..,..,..,..,..,..,76.6,..,..,..,..,..,..,..,..,..,..,..,..,..,..,..,..
Solomon Islands,SLB,GDP per capita (current US$),NY.GDP.PCAP.CD,..,..,..,..,..,..,..,173.397665186781,187.327010614089,184.706449704865,..,301.162869235602,235.267570021895,308.181862422079,453.702704219146,385.727708023452,414.170194909468,447.957983691328,515.549740475742,678.655198823645,731.614188195206,785.449709698703,764.508899078472,707.86421439231,962.307280629833,857.850824613394,755.771701319757,831.7778856306,1053.29556728782,1095.74105073384,970.096930766498,998.759452333758,1147.97576381437,1210.53460887155,1330.82293224279,1445.70699899652,1529.66487191291,1494.73348338448,1206.15756088589,1200.91770220742,1054.5185720259,944.816839954362,784.956287365877,744.765742281168,818.442619047505,880.874850827895,948.6592511289,1046.93112541029,1205.79106732679,1158.28267208798,1272.44802510598,1642.83797435961,1858.68986797649,1880.51589970053,2009.6526224944,1922.04138818612
Solomon Islands,SLB,Net official development assistance and official aid received (current US$),DT.ODA.ALLD.CD,1840000,2010000,2310000,2950000,2910000,4230000,5310000,6000000,6690000,7450000,8220000,7070000,12560000,11630000,12020000,22300000,19860000,16720000,26560000,26300000,44530000,31110000,28410000,27450000,19350000,20840000,30030000,56820000,58310000,49410000,45660000,36610000,45570000,56130000,47890000,47690000,42620000,41770000,42630000,39670000,68250000,58770000,26180000,60140000,121320000,198400000,204640000,246180000,224310000,204960000,340490000,339390000,305100000,289830000,198500000,190030000
Somalia,SOM,"Literacy rate, adult total (% of people ages 15 and above)",SE.ADT.LITR.ZS,..,..,..,..,..,..,..,..,..,..,..,..,..,..,..,..,..,..,..,..,..,..,..,..,..,..,..,..,..,..,..,..,..,..,..,..,..,..,..,..,..,..,..,..,..,..,..,..,..,..,..,..,..,..,..,..
Somalia,SOM,GDP per capita (current US$),NY.GDP.PCAP.CD,..,..,..,..,..,..,..,..,..,..,..,..,..,..,..,..,..,..,..,..,..,..,..,..,..,..,..,..,..,..,..,..,..,..,..,..,..,..,..,..,..,..,..,..,..,..,..,..,..,..,..,..,..,407.543235410512,417.890014337912,426.009853661841
Somalia,SOM,Net official development assistance and official aid received (current US$),DT.ODA.ALLD.CD,21470000,23210000,23770000,30450000,21750000,28670000,50230000,14410000,31900000,32960000,27620000,30570000,29730000,50960000,80950000,165400000,101150000,234950000,263040000,274090000,479960000,382380000,473880000,341030000,347590000,350710000,506500000,587070000,431720000,419150000,514810000,186420000,653660000,892120000,535120000,187930000,88180000,81180000,81320000,115700000,102230000,149300000,152720000,176180000,201280000,240220000,396170000,393740000,765870000,661640000,505680000,1098980000,990460000,1054580000,1109580000,1253550000
South Sudan,SSD,"Literacy rate, adult total (% of people ages 15 and above)",SE.ADT.LITR.ZS,..,..,..,..,..,..,..,..,..,..,..,..,..,..,..,..,..,..,..,..,..,..,..,..,..,..,..,..,..,..,..,..,..,..,..,..,..,..,..,..,..,..,..,..,..,..,..,..,26.83128,..,..,..,..,..,..,..
South Sudan,SSD,GDP per capita (current US$),NY.GDP.PCAP.CD,..,..,..,..,..,..,..,..,..,..,..,..,..,..,..,..,..,..,..,..,..,..,..,..,..,..,..,..,..,..,..,..,..,..,..,..,..,..,..,..,..,..,..,..,..,..,..,..,1678.71186160601,1264.78990773707,1562.23934569833,1706.09071329732,958.455008128114,1186.10132461897,1151.86171519279,758.720578206203
South Sudan,SSD,Net official development assistance and official aid received (current US$),DT.ODA.ALLD.CD,..,..,..,..,..,..,..,..,..,..,..,..,..,..,..,..,..,..,..,..,..,..,..,..,..,..,..,..,..,..,..,..,..,..,..,..,..,..,..,..,..,..,..,..,..,..,..,..,..,..,..,435830000,1186260000,1399300000,1964120000,1674830000
Sudan,SDN,"Literacy rate, adult total (% of people ages 15 and above)",SE.ADT.LITR.ZS,..,..,..,..,..,..,..,..,..,..,..,..,..,..,..,..,..,..,..,..,..,..,..,..,..,..,..,..,..,..,..,..,..,..,..,..,..,..,..,..,61.34587,..,..,..,..,..,..,..,53.51738,..,..,..,..,..,..,..
Sudan,SDN,GDP per capita (current US$),NY.GDP.PCAP.CD,124.512169921714,131.656344413491,139.214550602488,137.810411361295,137.719538234422,139.552128523133,139.153733701427,146.378954216131,148.375296849011,158.617735080273,175.001442391897,185.01116963142,194.737835034215,234.010498346486,291.745420469913,344.204806655954,415.363918147003,501.182939143125,427.177238094352,486.34413408856,388.276319285883,503.817753025635,449.112274180127,386.786467320766,441.418959916582,547.36976568431,676.124678285726,840.912731499881,625.79022143634,605.52976457542,478.80126354738,427.806343802518,257.651550989923,316.902730941058,444.557329130201,467.813701127039,296.87437188144,374.113619887901,350.439679581248,323.571795175036,361.030584348967,377.525445449723,412.151756127561,477.738407842199,565.056945884334,679.75399488289,893.879364531904,1115.69520035548,1291.52882621959,1226.88438122391,1476.47808657841,1666.85775736793,1892.89435161374,1955.66079918474,2176.89802874983,2513.88466117983
Sudan,SDN,Net official development assistance and official aid received (current US$),DT.ODA.ALLD.CD,27590000,14380000,9790000,15220000,20070000,29450000,37710000,14790000,32200000,8890000,7790000,8900000,63640000,37160000,209160000,293830000,262390000,305410000,377930000,694180000,672140000,631470000,749870000,957540000,614760000,1124710000,934740000,890490000,930470000,741920000,848240000,867110000,536310000,447900000,408290000,237430000,218100000,138940000,211210000,246340000,225290000,192260000,304930000,620230000,994580000,1826110000,2048440000,2120590000,2566430000,2352470000,2025850000,1742400000,1369130000,1507330000,874800000,899900000
Timor-Leste,TLS,"Literacy rate, adult total (% of people ages 15 and above)",SE.ADT.LITR.ZS,..,..,..,..,..,..,..,..,..,..,..,..,..,..,..,..,..,..,..,..,..,..,..,..,..,..,..,..,..,..,..,..,..,..,..,..,..,..,..,..,..,37.6,..,..,..,..,..,50.6,..,..,58.30898,..,..,..,..,..
Timor-Leste,TLS,GDP per capita (current US$),NY.GDP.PCAP.CD,..,..,..,..,..,..,..,..,..,..,..,..,..,..,..,..,..,..,..,..,..,..,..,..,..,..,..,..,..,..,..,..,..,..,..,..,..,..,..,..,402.006652686642,481.294770269421,457.79001659004,448.061595148354,444.34300425748,454.595701551263,419.622200969631,498.849139785964,611.775968496154,719.731543083148,806.062774481769,931.046032648033,1027.78450153878,1190.51036588352,1196.06139111191,1294.54454030977
Timor-Leste,TLS,Net official development assistance and official aid received (current US$),DT.ODA.ALLD.CD,..,1640000,..,..,..,..,..,320000,..,..,..,..,..,..,10000,250000,450000,..,10000,460000,500000,250000,230000,450000,..,..,300000,..,20000,..,100000,940000,130000,420000,230000,20000,80000,430000,1670000,152820000,231270000,194170000,219050000,175030000,161240000,184620000,209140000,278340000,277700000,216600000,291460000,278710000,283640000,258570000,249540000,212290000
Togo,TGO,"Literacy rate, adult total (% of people ages 15 and above)",SE.ADT.LITR.ZS,..,..,..,..,..,..,..,..,..,..,..,..,..,..,..,..,..,..,..,..,..,..,..,..,..,..,..,..,..,..,..,..,..,..,..,..,..,..,..,..,53.1776,..,..,..,..,..,56.88837,..,..,57.09338,..,60.40994,..,..,..,63.74562
Togo,TGO,GDP per capita (current US$),NY.GDP.PCAP.CD,76.6384541690086,79.1201330726748,81.9947491285797,87.7919751328937,99.9378893887589,109.620184806171,121.833557350245,124.87939556403,124.349572232268,131.569868489524,120.053880870366,131.098735756183,149.350562913272,176.473739782643,237.814016246548,256.10267535173,251.323369337444,308.681615044373,319.919953059503,337.430144106397,417.668525846962,342.223916877322,281.863916194222,253.035812324361,228.692598555737,234.356326111085,315.370222311593,359.548176790047,384.945617949711,367.013772819984,430.011438105387,412.72231199839,426.080992120764,303.44878266786,236.001155840463,306.358337091765,333.189857015769,330.562143658267,339.24730675064,326.604069890213,260.393293531231,260.639465212788,280.803212334069,310.437014352316,349.99372530523,372.172183685558,377.336028983739,420.760474338357,513.391913990462,499.646871325977,487.923891266382,562.339359224539,563.689424743521,579.43480503892,620.131848879102,551.130834550516
Togo,TGO,Net official development assistance and official aid received (current US$),DT.ODA.ALLD.CD,110000,2930000,4530000,6650000,14940000,13360000,12130000,14120000,18920000,17470000,16950000,19260000,21600000,25820000,38620000,41700000,42800000,63910000,101890000,109470000,90450000,62520000,76400000,111020000,108260000,110880000,170340000,121280000,205410000,199100000,258240000,199270000,222430000,95820000,124650000,191340000,155400000,125130000,128460000,71530000,69630000,46090000,51130000,50090000,65130000,82610000,79830000,122490000,330140000,494520000,403380000,542380000,245080000,226320000,210960000,199620000
Tuvalu,TUV,"Literacy rate, adult total (% of people ages 15 and above)",SE.ADT.LITR.ZS,..,..,..,..,..,..,..,..,..,..,..,..,..,..,..,..,..,..,..,..,..,..,..,..,..,..,..,..,..,..,..,..,..,..,..,..,..,..,..,..,..,..,..,..,..,..,..,..,..,..,..,..,..,..,..,..
Tuvalu,TUV,GDP per capita (current US$),NY.GDP.PCAP.CD,..,..,..,..,..,..,..,..,..,..,..,..,..,..,..,..,..,..,..,..,..,..,..,..,..,..,..,..,..,..,980.167470867849,1034.48204061568,1069.5959459008,1051.85265988383,1184.63825454758,1194.57693873798,1332.6324796996,1369.07464132032,1370.90402626809,1464.64859345937,1458.81709661282,1387.35754275925,1603.63199180159,1866.59962521391,2176.56474707796,2178.02921040263,2259.33327866066,2638.91184489681,2929.42164040473,2595.63990759047,3021.88952810147,3698.91009628832,3718.01871077083,3542.13508909017,3415.81315754314,2970.02797384009
Tuvalu,TUV,Net official development assistance and official aid received (current US$),DT.ODA.ALLD.CD,..,..,..,..,..,..,..,..,..,..,..,..,..,..,..,50000,2940000,2380000,2850000,4100000,4910000,5350000,6230000,4210000,5470000,3330000,4300000,25680000,13970000,6920000,5060000,5010000,8060000,4250000,7370000,7850000,10340000,10130000,5190000,6780000,4030000,9510000,11710000,6310000,8070000,9120000,15410000,11810000,16200000,17710000,14010000,38910000,25480000,27590000,34300000,49650000
Uganda,UGA,"Literacy rate, adult total (% of people ages 15 and above)",SE.ADT.LITR.ZS,..,..,..,..,..,..,..,..,..,..,..,..,..,..,..,..,..,..,..,..,..,..,..,..,..,..,..,..,..,..,..,56.10738,..,..,..,..,..,..,..,..,..,..,68.14251,..,..,..,71.37314,..,..,..,73.21188,..,70.19822,..,..,..
Uganda,UGA,GDP per capita (current US$),NY.GDP.PCAP.CD,62.315122319985,63.0151613499201,62.0168215040622,68.9352511712817,76.0446097264213,110.410491012345,111.635754797097,112.770492537363,116.964328096097,127.585826244745,133.397787016205,145.856884562654,149.3331890312,165.995494962561,199.373388588828,217.929576051342,219.689110240701,255.993778694783,204.789135158294,175.638811995917,99.1757466807548,103.42446900897,163.435092663007,163.108054681508,255.081669865211,240.305638932531,258.881961503623,399.448706036583,400.24094965198,313.216953370151,246.827330742843,184.12685197123,153.191168405649,167.074891755391,200.447247860402,280.084547095769,285.093466932785,286.716962253795,291.986407221509,257.747799883367,257.630360929239,234.984077523751,240.242322857961,237.999591696099,288.023694894406,315.788022726101,336.459392347713,401.850863088015,449.692818269711,554.40499104055,595.206173218534,574.940263892048,637.130008854938,655.049607377633,702.880806372124,674.044971989264
Uganda,UGA,Net official development assistance and official aid received (current US$),DT.ODA.ALLD.CD,20600000,21230000,28770000,19590000,22490000,20120000,23580000,21580000,22220000,27500000,32900000,31760000,40830000,22150000,17530000,51840000,20940000,16720000,39490000,47260000,113350000,135660000,131350000,136710000,162070000,179480000,191560000,298950000,391590000,516500000,663100000,663280000,724950000,609990000,751970000,833960000,674880000,813440000,658100000,607680000,855930000,828940000,732980000,1003710000,1222240000,1195330000,1589230000,1738140000,1643380000,1786360000,1690140000,1572750000,1642500000,1699930000,1634660000,1628250000
Tanzania,TZA,"Literacy rate, adult total (% of people ages 15 and above)",SE.ADT.LITR.ZS,..,..,..,..,..,..,..,..,..,..,..,..,..,..,..,..,..,..,..,..,..,..,..,..,..,..,..,..,59.1138,..,..,..,..,..,..,..,..,..,..,..,..,..,69.4309,..,..,..,..,..,..,..,67.8007,..,78.10059,..,..,77.88723
Tanzania,TZA,GDP per capita (current US$),NY.GDP.PCAP.CD,..,..,..,..,..,..,..,..,..,..,..,..,..,..,..,..,..,..,..,..,..,..,..,..,..,..,..,..,219.371819521389,184.339684180289,172.044798448973,193.740095150488,173.891382841366,155.59827506037,159.635742401605,180.465023310587,216.932793184159,249.93128699015,296.340954097738,299.786753718674,306.723827307922,304.339284043007,308.056552814055,323.072106590997,345.189236951723,442.25285430836,471.527376124859,528.063562048951,651.262438712841,658.757952665891,701.604550062032,733.412806541607,820.156289803745,901.731430290916,950.374313843269,872.294093320544
Tanzania,TZA,Net official development assistance and official aid received (current US$),DT.ODA.ALLD.CD,10360000,39190000,47010000,31060000,45650000,38630000,34430000,40110000,40490000,38160000,50970000,62150000,61160000,100150000,162210000,293270000,266250000,338670000,421900000,586140000,675630000,697780000,678940000,587850000,547490000,477180000,660620000,894920000,1007850000,906890000,1163150000,1073000000,1334080000,944430000,963570000,871050000,867210000,943850000,1001500000,991940000,1064250000,1274900000,1260430000,1725760000,1774200000,1492450000,1887650000,2819960000,2330670000,2927780000,2960310000,2441820000,2822230000,3433580000,2648730000,2580470000
Vanuatu,VUT,"Literacy rate, adult total (% of people ages 15 and above)",SE.ADT.LITR.ZS,..,..,..,..,..,..,..,..,..,..,..,..,..,..,..,..,..,..,..,52.87392,..,..,..,..,..,..,..,..,..,..,..,..,..,..,..,..,..,..,..,74,..,..,..,..,..,..,..,..,..,..,..,..,..,..,..,..
Vanuatu,VUT,GDP per capita (current US$),NY.GDP.PCAP.CD,..,..,..,..,..,..,..,..,..,..,..,..,..,..,..,..,..,..,..,1059.32523836849,980.89785992594,832.740811203243,808.207221118767,886.315220346407,1066.57983179639,951.32938629179,892.16161371123,961.132378722972,1065.86528578291,1011.432843413,1080.22288856047,1252.63623123634,1263.45526055807,1176.87045190412,1335.25979885659,1390.32968685648,1427.10248001428,1462.23819450565,1472.95709054026,1477.8418222539,1469.84914894282,1362.60173131402,1353.9348192325,1580.50272432294,1787.94702306529,1886.43335881983,2047.09782277757,2393.36726457511,2697.96137456029,2643.44142250605,2965.80243434839,3275.0916839105,3158.58688044147,3167.34305591771,3148.3651032298,2805.83414035745
Vanuatu,VUT,Net official development assistance and official aid received (current US$),DT.ODA.ALLD.CD,150000,280000,410000,510000,650000,580000,2170000,2010000,2330000,3220000,3230000,4800000,6160000,7440000,16130000,12480000,30930000,14550000,18780000,38320000,43980000,30380000,25870000,26770000,24270000,21630000,24270000,50890000,38930000,39510000,49530000,52240000,39830000,34980000,41720000,45580000,31070000,27230000,40710000,37280000,45800000,31620000,27520000,32660000,38200000,39890000,49010000,56840000,92420000,100150000,107860000,91090000,101940000,91340000,100410000,186560000
"Yemen, Rep.",YEM,"Literacy rate, adult total (% of people ages 15 and above)",SE.ADT.LITR.ZS,..,..,..,..,..,..,..,..,..,..,..,..,..,..,..,..,..,..,..,..,..,..,..,..,..,..,..,..,..,..,..,..,..,..,37.09,..,..,..,..,..,..,..,..,..,..,..,..,..,..,..,..,..,..,..,..,..
"Yemen, Rep.",YEM,GDP per capita (current US$),NY.GDP.PCAP.CD,..,..,..,..,..,..,..,..,..,..,..,..,..,..,..,..,..,..,..,..,..,..,..,..,..,..,..,..,..,..,468.378007933536,468.373966413,485.055699628037,382.976320432776,283.634730719196,277.976971702832,364.121204635018,416.787019437558,374.357312849338,439.697210905288,539.104365232141,535.833052050713,565.208368281464,605.164733465329,693.083566862098,813.964385711456,901.759987498529,995.628482783401,1203.72073300004,1093.81291773535,1309.23195973585,1349.42024978639,1420.84272073062,1580.18160062955,1647.03365674887,1401.90331929928
"Yemen, Rep.",YEM,Net official development assistance and official aid received (current US$),DT.ODA.ALLD.CD,14690000,14880000,18080000,21580000,23330000,31540000,38580000,25120000,6200000,4760000,16860000,31850000,51100000,63600000,181690000,251380000,480760000,446860000,396920000,360850000,574320000,509780000,613350000,436610000,560100000,431150000,345820000,488700000,305350000,374280000,449830000,296350000,253770000,313740000,171700000,171790000,252270000,355400000,394240000,460830000,312800000,371830000,216500000,244060000,266510000,296000000,287810000,242890000,429110000,559310000,667080000,477050000,710230000,1039630000,1163450000,1531430000
Zambia,ZMB,"Literacy rate, adult total (% of people ages 15 and above)",SE.ADT.LITR.ZS,..,..,..,..,..,..,..,..,..,..,..,..,..,..,..,..,..,..,..,..,..,..,..,..,..,..,..,..,..,..,64.99826,..,..,..,..,..,..,..,..,68.00179,..,..,69.14922,..,..,..,..,61.42829,..,..,83.00767,..,..,..,..,..
Zambia,ZMB,GDP per capita (current US$),NY.GDP.PCAP.CD,234.166194283717,221.728400633104,213.894228774866,214.852954270827,243.10532045675,303.882532322899,343.912055197846,360.770244471948,410.486260614773,486.692686568743,437.30646869944,390.712936465954,427.462901413632,490.066381298121,651.093535420865,527.443263761982,534.481076334306,466.93725081714,511.388371600552,584.266804456767,650.254787128368,635.466977431788,633.517623121806,493.182086737721,406.520251773796,327.99259958088,231.770805620674,307.337021482108,488.628852178154,511.739945639747,409.257985428433,410.071875267445,376.457437519425,377.572317592287,411.038999662502,416.661381080722,382.915111327052,445.17117973844,355.538030703963,332.461627009252,341.905562491998,378.273623791235,377.130524441172,429.15834335486,530.277221717783,691.317816426353,1030.15419934654,1104.58798487761,1369.06824870969,1139.11023298085,1463.21357310715,1644.61967241117,1734.93061223334,1850.79335943919,1738.08820161939,1313.88964550765
Zambia,ZMB,Net official development assistance and official aid received (current US$),DT.ODA.ALLD.CD,920000,910000,5880000,5380000,20990000,10860000,29190000,61030000,30300000,20250000,13240000,21390000,21520000,44910000,57100000,86200000,61610000,107990000,183990000,276710000,317210000,230800000,315490000,214990000,235730000,319290000,451310000,422370000,474780000,366720000,474810000,877970000,1030780000,866920000,715130000,2030670000,608060000,609690000,348150000,623210000,794650000,570840000,810730000,770450000,1128450000,1169050000,1470270000,1006970000,1114710000,1270820000,919320000,1033470000,957140000,1145390000,997730000,797140000
,,,,,,,,,,,,,,,,,,,,,,,,,,,,,,,,,,,,,,,,,,,,,,,,,,,,,,,,,,,
,,,,,,,,,,,,,,,,,,,,,,,,,,,,,,,,,,,,,,,,,,,,,,,,,,,,,,,,,,,
,,,,,,,,,,,,,,,,,,,,,,,,,,,,,,,,,,,,,,,,,,,,,,,,,,,,,,,,,,,
Data from database: World Development Indicators,,,,,,,,,,,,,,,,,,,,,,,,,,,,,,,,,,,,,,,,,,,,,,,,,,,,,,,,,,,
Last Updated: 01/25/2018,,,,,,,,,,,,,,,,,,,,,,,,,,,,,,,,,,,,,,,,,,,,,,,,,,,,,,,,,,,
