id,country,year,gdp_per_capita,literacy_rate,net_aid_received,region
0,Afghanistan,1990,0,0,121720000,Southern Asia
1,Afghanistan,1991,0,0,507530000,Southern Asia
2,Afghanistan,1992,0,0,204900000,Southern Asia
3,Afghanistan,1993,0,0,223800000,Southern Asia
4,Afghanistan,1994,0,0,226420000,Southern Asia
5,Afghanistan,1995,0,0,212530000,Southern Asia
6,Afghanistan,1996,0,0,169630000,Southern Asia
7,Afghanistan,1997,0,0,230750000,Southern Asia
8,Afghanistan,1998,0,0,164200000,Southern Asia
9,Afghanistan,1999,0,0,142860000,Southern Asia
10,Afghanistan,2000,0,0,136010000,Southern Asia
11,Afghanistan,2001,117.4096908,0,410360000,Southern Asia
12,Afghanistan,2002,187.845095,0,1309770000,Southern Asia
13,Afghanistan,2003,198.7285436,0,1593670000,Southern Asia
14,Afghanistan,2004,219.1413528,0,2310640000,Southern Asia
15,Afghanistan,2005,250.2941299,0,2837950000,Southern Asia
16,Afghanistan,2006,272.563077,0,2962000000,Southern Asia
17,Afghanistan,2007,369.835796,0,4964910000,Southern Asia
18,Afghanistan,2008,373.3611163,0,4875860000,Southern Asia
19,Afghanistan,2009,445.8932979,0,6234000000,Southern Asia
20,Afghanistan,2010,553.3002894,0,6471680000,Southern Asia
21,Afghanistan,2011,603.5370231,31.74112,6867050000,Southern Asia
22,Afghanistan,2012,669.0090509,31.74112,6668030000,Southern Asia
23,Afghanistan,2013,631.7449706,31.74112,5152540000,Southern Asia
24,Afghanistan,2014,612.0696514,31.74112,4945130000,Southern Asia
25,Afghanistan,2015,569.5779229,31.74112,4239180000,Southern Asia
26,Angola,1990,823.7921843,0,265770000,Middle Africa
27,Angola,1991,965.3612964,0,277080000,Middle Africa
28,Angola,1992,438.3205196,0,343590000,Middle Africa
29,Angola,1993,393.7845209,0,289390000,Middle Africa
30,Angola,1994,293.2782224,0,447070000,Middle Africa
31,Angola,1995,353.1820451,0,416420000,Middle Africa
32,Angola,1996,512.6209659,0,459310000,Middle Africa
33,Angola,1997,506.8849522,0,354660000,Middle Africa
34,Angola,1998,415.6933459,0,335270000,Middle Africa
35,Angola,1999,385.7688535,0,387540000,Middle Africa
36,Angola,2000,555.2969419,0,302210000,Middle Africa
37,Angola,2001,526.168743,67.40542,282730000,Middle Africa
38,Angola,2002,711.181716,67.40542,414030000,Middle Africa
39,Angola,2003,779.4683056,67.40542,493500000,Middle Africa
40,Angola,2004,1041.086844,67.40542,1144570000,Middle Africa
41,Angola,2005,1443.991929,67.40542,414680000,Middle Africa
42,Angola,2006,2062.415149,67.40542,163520000,Middle Africa
43,Angola,2007,2878.837144,67.40542,247670000,Middle Africa
44,Angola,2008,3868.578883,67.40542,369040000,Middle Africa
45,Angola,2009,3347.84485,67.40542,238930000,Middle Africa
46,Angola,2010,3529.053482,67.40542,235160000,Middle Africa
47,Angola,2011,4299.012889,67.40542,192940000,Middle Africa
48,Angola,2012,4598.249988,67.40542,243610000,Middle Africa
49,Angola,2013,4804.616884,67.40542,285540000,Middle Africa
50,Angola,2014,4709.312024,66.03011,235390000,Middle Africa
51,Angola,2015,3695.793748,66.03011,380090000,Middle Africa
52,Bangladesh,1990,297.5679945,0,2092760000,Southern Asia
53,Bangladesh,1991,284.7255998,35.3193,1880240000,Southern Asia
54,Bangladesh,1992,285.0954994,35.3193,1818390000,Southern Asia
55,Bangladesh,1993,291.7144952,35.3193,1383260000,Southern Asia
56,Bangladesh,1994,290.652464,35.3193,1742890000,Southern Asia
57,Bangladesh,1995,319.6086944,35.3193,1281740000,Southern Asia
58,Bangladesh,1996,382.9357493,35.3193,1228070000,Southern Asia
59,Bangladesh,1997,389.5236244,35.3193,1012360000,Southern Asia
60,Bangladesh,1998,395.2974607,35.3193,1162860000,Southern Asia
61,Bangladesh,1999,397.3548219,35.3193,1219490000,Southern Asia
62,Bangladesh,2000,405.6033071,35.3193,1174330000,Southern Asia
63,Bangladesh,2001,402.5981152,47.4855,1045000000,Southern Asia
64,Bangladesh,2002,400.6135745,47.4855,900550000,Southern Asia
65,Bangladesh,2003,432.7388972,47.4855,1397870000,Southern Asia
66,Bangladesh,2004,460.7579167,47.4855,1416830000,Southern Asia
67,Bangladesh,2005,484.1554071,47.4855,1320430000,Southern Asia
68,Bangladesh,2006,494.0501466,47.4855,1222890000,Southern Asia
69,Bangladesh,2007,541.0651484,46.6636,1512900000,Southern Asia
70,Bangladesh,2008,615.7775411,46.6636,2070900000,Southern Asia
71,Bangladesh,2009,681.1205368,46.6636,1227080000,Southern Asia
72,Bangladesh,2010,757.6717572,46.6636,1404600000,Southern Asia
73,Bangladesh,2011,835.7893401,47.07731,1491530000,Southern Asia
74,Bangladesh,2012,856.342857,47.07731,2151700000,Southern Asia
75,Bangladesh,2013,951.8894535,47.07731,2633590000,Southern Asia
76,Bangladesh,2014,1084.56543,47.07731,2422640000,Southern Asia
77,Bangladesh,2015,1210.158769,47.07731,2570240000,Southern Asia
78,Benin,1990,393.6862144,0,266880000,Western Africa
79,Benin,1991,385.753616,0,265660000,Western Africa
80,Benin,1992,317.9628553,27.24525,269040000,Western Africa
81,Benin,1993,411.9260305,27.24525,287760000,Western Africa
82,Benin,1994,279.6665043,27.24525,256380000,Western Africa
83,Benin,1995,367.387341,27.24525,280560000,Western Africa
84,Benin,1996,387.4329246,27.24525,288290000,Western Africa
85,Benin,1997,361.1002698,27.24525,221150000,Western Africa
86,Benin,1998,379.442354,27.24525,205230000,Western Africa
87,Benin,1999,403.6237038,27.24525,212440000,Western Africa
88,Benin,2000,374.1923942,27.24525,244770000,Western Africa
89,Benin,2001,378.736054,27.24525,280420000,Western Africa
90,Benin,2002,418.6985763,34.65785,221540000,Western Africa
91,Benin,2003,519.2922847,34.65785,301990000,Western Africa
92,Benin,2004,583.4093514,34.65785,391790000,Western Africa
93,Benin,2005,601.799977,34.65785,349080000,Western Africa
94,Benin,2006,625.830092,28.70211,400310000,Western Africa
95,Benin,2007,706.0535419,28.70211,475300000,Western Africa
96,Benin,2008,820.1513498,28.70211,636720000,Western Africa
97,Benin,2009,793.45243,28.70211,677570000,Western Africa
98,Benin,2010,757.6959074,28.70211,689270000,Western Africa
99,Benin,2011,825.9427854,28.70211,672610000,Western Africa
100,Benin,2012,837.9505001,32.94882,507880000,Western Africa
101,Benin,2013,915.2674586,32.94882,660200000,Western Africa
102,Benin,2014,943.686575,32.94882,599320000,Western Africa
103,Benin,2015,783.947091,32.94882,430220000,Western Africa
104,Bhutan,1990,557.9721483,0,46000000,Southern Asia
105,Bhutan,1991,465.3885839,0,61410000,Southern Asia
106,Bhutan,1992,471.8392542,0,56160000,Southern Asia
107,Bhutan,1993,449.688254,0,65150000,Southern Asia
108,Bhutan,1994,524.2981458,0,75100000,Southern Asia
109,Bhutan,1995,588.5939027,0,73220000,Southern Asia
110,Bhutan,1996,609.3430176,0,59520000,Southern Asia
111,Bhutan,1997,692.1262064,0,66020000,Southern Asia
112,Bhutan,1998,695.2902533,0,56220000,Southern Asia
113,Bhutan,1999,751.5757717,0,67160000,Southern Asia
114,Bhutan,2000,765.8632358,0,53390000,Southern Asia
115,Bhutan,2001,807.9387673,0,60780000,Southern Asia
116,Bhutan,2002,885.6382245,0,73400000,Southern Asia
117,Bhutan,2003,997.7417141,0,76900000,Southern Asia
118,Bhutan,2004,1097.457088,0,78260000,Southern Asia
119,Bhutan,2005,1247.061392,52.81469,90100000,Southern Asia
120,Bhutan,2006,1335.456906,52.81469,95720000,Southern Asia
121,Bhutan,2007,1741.142552,52.81469,90940000,Southern Asia
122,Bhutan,2008,1795.181307,52.81469,85080000,Southern Asia
123,Bhutan,2009,1770.234497,52.81469,127310000,Southern Asia
124,Bhutan,2010,2178.921383,52.81469,131380000,Southern Asia
125,Bhutan,2011,2458.045976,52.81469,141220000,Southern Asia
126,Bhutan,2012,2422.008016,57.0336,161650000,Southern Asia
127,Bhutan,2013,2350.882889,57.0336,136800000,Southern Asia
128,Bhutan,2014,2504.717407,57.0336,130640000,Southern Asia
129,Bhutan,2015,2615.31022,57.0336,97280000,Southern Asia
130,Burkina Faso,1990,351.9793229,13.56923,326530000,Western Africa
131,Burkina Faso,1991,346.4106724,13.56923,419650000,Western Africa
132,Burkina Faso,1992,240.963481,13.56923,433380000,Western Africa
133,Burkina Faso,1993,244.1270735,13.56923,468990000,Western Africa
134,Burkina Faso,1994,193.0702363,13.56923,433100000,Western Africa
135,Burkina Faso,1995,235.8321973,13.56923,490450000,Western Africa
136,Burkina Faso,1996,249.3602944,12.84817,419240000,Western Africa
137,Burkina Faso,1997,229.4931177,12.84817,369110000,Western Africa
138,Burkina Faso,1998,255.7182334,12.84817,400120000,Western Africa
139,Burkina Faso,1999,265.3401156,12.84817,398760000,Western Africa
140,Burkina Faso,2000,226.4759814,12.84817,179780000,Western Africa
141,Burkina Faso,2001,235.4912324,12.84817,390940000,Western Africa
142,Burkina Faso,2002,260.7635413,12.84817,440270000,Western Africa
143,Burkina Faso,2003,332.3443051,21.82292,540840000,Western Africa
144,Burkina Faso,2004,371.3230865,21.82292,647380000,Western Africa
145,Burkina Faso,2005,406.9988071,23.55372,698190000,Western Africa
146,Burkina Faso,2006,422.6332374,22.47258,900550000,Western Africa
147,Burkina Faso,2007,475.1100122,28.72921,942710000,Western Africa
148,Burkina Faso,2008,569.7612784,28.72921,1000370000,Western Africa
149,Burkina Faso,2009,552.7455521,28.72921,1083700000,Western Africa
150,Burkina Faso,2010,575.4464527,28.72921,1044610000,Western Africa
151,Burkina Faso,2011,666.8404101,28.72921,981980000,Western Africa
152,Burkina Faso,2012,673.8228182,34.5994,1151640000,Western Africa
153,Burkina Faso,2013,699.781537,34.5994,1045220000,Western Africa
154,Burkina Faso,2014,703.8216565,34.5994,1123510000,Western Africa
155,Burkina Faso,2015,575.3144542,34.5994,997050000,Western Africa
156,Burundi,1990,209.0516152,37.38472,262550000,Eastern Africa
157,Burundi,1991,210.6438772,37.38472,256400000,Eastern Africa
158,Burundi,1992,191.310913,37.38472,309280000,Eastern Africa
159,Burundi,1993,162.635225,37.38472,216950000,Eastern Africa
160,Burundi,1994,157.5430015,37.38472,311110000,Eastern Africa
161,Burundi,1995,167.7991717,37.38472,286950000,Eastern Africa
162,Burundi,1996,143.8532933,37.38472,110520000,Eastern Africa
163,Burundi,1997,159.1755281,37.38472,56400000,Eastern Africa
164,Burundi,1998,144.4746122,59.30362,68750000,Eastern Africa
165,Burundi,1999,128.6964397,59.30362,75100000,Eastern Africa
166,Burundi,2000,135.9984455,59.30362,93310000,Eastern Africa
167,Burundi,2001,133.7427689,59.30362,139250000,Eastern Africa
168,Burundi,2002,122.4335893,59.30362,171910000,Eastern Africa
169,Burundi,2003,112.8493703,59.30362,227600000,Eastern Africa
170,Burundi,2004,127.4296648,59.30362,358820000,Eastern Africa
171,Burundi,2005,150.5070434,59.30362,365580000,Eastern Africa
172,Burundi,2006,165.8794176,48.08406,432020000,Eastern Africa
173,Burundi,2007,170.7999005,48.08406,480000000,Eastern Africa
174,Burundi,2008,196.2472628,48.08406,523240000,Eastern Africa
175,Burundi,2009,204.9446502,48.08406,561480000,Eastern Africa
176,Burundi,2010,231.1943256,48.08406,627910000,Eastern Africa
177,Burundi,2011,260.4799073,48.08406,571770000,Eastern Africa
178,Burundi,2012,265.2856051,48.08406,523260000,Eastern Africa
179,Burundi,2013,282.7555252,61.56973,558830000,Eastern Africa
180,Burundi,2014,312.7489794,61.56973,515400000,Eastern Africa
181,Burundi,2015,300.6765569,61.56973,366540000,Eastern Africa
182,Cambodia,1990,0,0,41310000,South-eastern Asia
183,Cambodia,1991,0,0,89710000,South-eastern Asia
184,Cambodia,1992,0,0,200520000,South-eastern Asia
185,Cambodia,1993,254.1791425,0,300510000,South-eastern Asia
186,Cambodia,1994,270.6091637,0,313350000,South-eastern Asia
187,Cambodia,1995,323.0099928,0,551000000,South-eastern Asia
188,Cambodia,1996,319.3632544,0,416530000,South-eastern Asia
189,Cambodia,1997,304.837993,0,335440000,South-eastern Asia
190,Cambodia,1998,269.054641,67.33503,337670000,South-eastern Asia
191,Cambodia,1999,295.9735957,67.33503,277450000,South-eastern Asia
192,Cambodia,2000,300.6850949,67.33503,396390000,South-eastern Asia
193,Cambodia,2001,321.2263004,67.33503,415350000,South-eastern Asia
194,Cambodia,2002,339.0676984,67.33503,486340000,South-eastern Asia
195,Cambodia,2003,362.4213785,67.33503,517290000,South-eastern Asia
196,Cambodia,2004,408.6105184,73.60995,485770000,South-eastern Asia
197,Cambodia,2005,474.2238766,73.60995,538570000,South-eastern Asia
198,Cambodia,2006,539.8791529,73.60995,531400000,South-eastern Asia
199,Cambodia,2007,631.675789,73.60995,675900000,South-eastern Asia
200,Cambodia,2008,745.7877873,77.58654,744230000,South-eastern Asia
201,Cambodia,2009,738.2326684,73.90003,721130000,South-eastern Asia
202,Cambodia,2010,785.6928841,73.90003,733980000,South-eastern Asia
203,Cambodia,2011,882.4901462,73.90003,792430000,South-eastern Asia
204,Cambodia,2012,950.0244132,73.90003,807690000,South-eastern Asia
205,Cambodia,2013,1028.419568,73.90003,808210000,South-eastern Asia
206,Cambodia,2014,1098.687123,73.90003,802680000,South-eastern Asia
207,Cambodia,2015,1163.18977,73.90003,677060000,South-eastern Asia
208,Central African Republic,1990,490.0745619,0,248890000,Middle Africa
209,Central African Republic,1991,456.8977858,0,173440000,Middle Africa
210,Central African Republic,1992,456.074154,0,177650000,Middle Africa
211,Central African Republic,1993,401.9779716,0,171740000,Middle Africa
212,Central African Republic,1994,260.4835711,0,167560000,Middle Africa
213,Central African Republic,1995,332.6773772,0,167780000,Middle Africa
214,Central African Republic,1996,293.3188854,0,169130000,Middle Africa
215,Central African Republic,1997,266.6076447,0,91550000,Middle Africa
216,Central African Republic,1998,268.9004231,0,120620000,Middle Africa
217,Central African Republic,1999,271.8551165,0,118760000,Middle Africa
218,Central African Republic,2000,243.5429317,50.64517,75900000,Middle Africa
219,Central African Republic,2001,243.1586486,50.64517,76210000,Middle Africa
220,Central African Republic,2002,253.7068343,50.64517,60010000,Middle Africa
221,Central African Republic,2003,286.2508019,50.64517,51500000,Middle Africa
222,Central African Republic,2004,313.210598,50.64517,110060000,Middle Africa
223,Central African Republic,2005,327.1149461,50.64517,88970000,Middle Africa
224,Central African Republic,2006,347.6073678,50.64517,133590000,Middle Africa
225,Central African Republic,2007,397.1480467,50.64517,176990000,Middle Africa
226,Central African Republic,2008,456.8614334,50.64517,257350000,Middle Africa
227,Central African Republic,2009,449.9601839,36.75261,239470000,Middle Africa
228,Central African Republic,2010,446.4434494,36.75261,260990000,Middle Africa
229,Central African Republic,2011,494.3306779,36.75261,268780000,Middle Africa
230,Central African Republic,2012,486.410114,36.75261,228020000,Middle Africa
231,Central African Republic,2013,337.4849614,36.75261,202820000,Middle Africa
232,Central African Republic,2014,377.1320274,36.75261,611010000,Middle Africa
233,Central African Republic,2015,348.381417,36.75261,486940000,Middle Africa
234,Chad,1990,291.8661593,0,310580000,Middle Africa
235,Chad,1991,305.2216778,0,262310000,Middle Africa
236,Chad,1992,296.3964872,0,236700000,Middle Africa
237,Chad,1993,223.2061727,10.89465,223470000,Middle Africa
238,Chad,1994,174.2195487,10.89465,212290000,Middle Africa
239,Chad,1995,206.5386927,10.89465,235020000,Middle Africa
240,Chad,1996,221.9742723,10.89465,295780000,Middle Africa
241,Chad,1997,206.1441026,10.89465,227960000,Middle Africa
242,Chad,1998,224.8661479,10.89465,174440000,Middle Africa
243,Chad,1999,190.8359826,25.65421,187930000,Middle Africa
244,Chad,2000,166.0231785,25.65421,131330000,Middle Africa
245,Chad,2001,197.3156442,25.65421,188600000,Middle Africa
246,Chad,2002,220.8054821,25.65421,229250000,Middle Africa
247,Chad,2003,292.5914364,25.65421,251990000,Middle Africa
248,Chad,2004,454.6765879,28.38143,332080000,Middle Africa
249,Chad,2005,660.2421396,28.38143,386440000,Middle Africa
250,Chad,2006,712.1847694,28.38143,290730000,Middle Africa
251,Chad,2007,801.683884,28.38143,360650000,Middle Africa
252,Chad,2008,929.7702391,28.38143,422230000,Middle Africa
253,Chad,2009,804.4559039,28.38143,558330000,Middle Africa
254,Chad,2010,896.5697341,28.38143,490160000,Middle Africa
255,Chad,2011,989.2363633,28.38143,457360000,Middle Africa
256,Chad,2012,973.4702574,28.38143,474840000,Middle Africa
257,Chad,2013,986.0103177,28.38143,459340000,Middle Africa
258,Chad,2014,1025.998515,28.38143,391930000,Middle Africa
259,Chad,2015,777.2487051,26.00299,606670000,Middle Africa
260,Comoros,1990,607.4694013,0,44880000,Eastern Africa
261,Comoros,1991,582.3065192,0,63300000,Eastern Africa
262,Comoros,1992,609.9032196,0,47870000,Eastern Africa
263,Comoros,1993,586.6533885,0,48620000,Eastern Africa
264,Comoros,1994,401.8409364,0,38700000,Eastern Africa
265,Comoros,1995,487.797973,0,41600000,Eastern Africa
266,Comoros,1996,471.721275,0,39200000,Eastern Africa
267,Comoros,1997,422.5487938,0,30200000,Eastern Africa
268,Comoros,1998,417.928473,0,40620000,Eastern Africa
269,Comoros,1999,420.8779342,0,22090000,Eastern Africa
270,Comoros,2000,375.8528566,68.48923,19310000,Eastern Africa
271,Comoros,2001,395.9319363,68.48923,27670000,Eastern Africa
272,Comoros,2002,433.2691451,68.48923,27580000,Eastern Africa
273,Comoros,2003,544.5066526,68.48923,24610000,Eastern Africa
274,Comoros,2004,616.4197236,68.48923,25880000,Eastern Africa
275,Comoros,2005,621.9033702,68.48923,23140000,Eastern Africa
276,Comoros,2006,648.3008717,68.48923,32000000,Eastern Africa
277,Comoros,2007,720.7593013,68.48923,45050000,Eastern Africa
278,Comoros,2008,795.9705019,68.48923,42040000,Eastern Africa
279,Comoros,2009,778.5454199,68.48923,50790000,Eastern Africa
280,Comoros,2010,769.1742883,68.48923,68330000,Eastern Africa
281,Comoros,2011,829.7586885,68.48923,52210000,Eastern Africa
282,Comoros,2012,788.632653,49.19614,98810000,Eastern Africa
283,Comoros,2013,834.3410949,49.19614,81230000,Eastern Africa
284,Comoros,2014,852.9543079,49.19614,74950000,Eastern Africa
285,Comoros,2015,727.6463868,49.19614,65780000,Eastern Africa
286,"Congo, Dem. Rep.",1990,270.1105809,0,895790000,Middle Africa
287,"Congo, Dem. Rep.",1991,253.0421708,0,475280000,Middle Africa
288,"Congo, Dem. Rep.",1992,219.7342375,0,268520000,Middle Africa
289,"Congo, Dem. Rep.",1993,275.7352838,0,177820000,Middle Africa
290,"Congo, Dem. Rep.",1994,144.5206962,0,244810000,Middle Africa
291,"Congo, Dem. Rep.",1995,135.6734781,0,194750000,Middle Africa
292,"Congo, Dem. Rep.",1996,134.939947,0,166160000,Middle Africa
293,"Congo, Dem. Rep.",1997,138.964642,0,157880000,Middle Africa
294,"Congo, Dem. Rep.",1998,138.615476,0,127020000,Middle Africa
295,"Congo, Dem. Rep.",1999,102.6447985,0,135510000,Middle Africa
296,"Congo, Dem. Rep.",2000,405.4696531,0,178440000,Middle Africa
297,"Congo, Dem. Rep.",2001,153.6995733,67.17299,246640000,Middle Africa
298,"Congo, Dem. Rep.",2002,175.1360715,67.17299,1176170000,Middle Africa
299,"Congo, Dem. Rep.",2003,173.9163518,67.17299,5417030000,Middle Africa
300,"Congo, Dem. Rep.",2004,194.1667863,67.17299,1919150000,Middle Africa
301,"Congo, Dem. Rep.",2005,218.5235092,67.17299,1881800000,Middle Africa
302,"Congo, Dem. Rep.",2006,252.8430454,61.20555,2197240000,Middle Africa
303,"Congo, Dem. Rep.",2007,280.1217437,61.20555,1350840000,Middle Africa
304,"Congo, Dem. Rep.",2008,318.1201341,61.20555,1767600000,Middle Africa
305,"Congo, Dem. Rep.",2009,0,61.20555,2357760000,Middle Africa
306,"Congo, Dem. Rep.",2010,318.0757516,61.20555,3483980000,Middle Africa
307,"Congo, Dem. Rep.",2011,357.4834938,75.01719,5526470000,Middle Africa
308,"Congo, Dem. Rep.",2012,398.1406948,75.01719,2846170000,Middle Africa
309,"Congo, Dem. Rep.",2013,420.87049,75.01719,2584010000,Middle Africa
310,"Congo, Dem. Rep.",2014,461.5680853,75.01719,2400120000,Middle Africa
311,"Congo, Dem. Rep.",2015,474.9360481,75.01719,2599240000,Middle Africa
312,Djibouti,1990,766.1409545,0,207010000,Eastern Africa
313,Djibouti,1991,762.0113217,0,107160000,Eastern Africa
314,Djibouti,1992,777.2623296,0,112190000,Eastern Africa
315,Djibouti,1993,753.5201889,0,134430000,Eastern Africa
316,Djibouti,1994,790.0322652,0,128570000,Eastern Africa
317,Djibouti,1995,789.5517691,0,105560000,Eastern Africa
318,Djibouti,1996,767.4669289,0,97080000,Eastern Africa
319,Djibouti,1997,760.5314478,0,85650000,Eastern Africa
320,Djibouti,1998,755.5962418,0,80980000,Eastern Africa
321,Djibouti,1999,765.7204882,0,75150000,Eastern Africa
322,Djibouti,2000,768.1760767,0,72240000,Eastern Africa
323,Djibouti,2001,781.2322196,0,59400000,Eastern Africa
324,Djibouti,2002,792.15412,0,74100000,Eastern Africa
325,Djibouti,2003,819.974118,0,79260000,Eastern Africa
326,Djibouti,2004,864.1847206,0,64330000,Eastern Africa
327,Djibouti,2005,904.7297489,0,74170000,Eastern Africa
328,Djibouti,2006,965.6693779,0,115380000,Eastern Africa
329,Djibouti,2007,1047.586896,0,112680000,Eastern Africa
330,Djibouti,2008,1214.077118,0,140820000,Eastern Africa
331,Djibouti,2009,1253.657431,0,165840000,Eastern Africa
332,Djibouti,2010,1325.990724,0,132030000,Eastern Africa
333,Djibouti,2011,1430.986898,0,141400000,Eastern Africa
334,Djibouti,2012,1536.150685,0,148270000,Eastern Africa
335,Djibouti,2013,1622.637974,0,149250000,Eastern Africa
336,Djibouti,2014,1740.915011,0,164730000,Eastern Africa
337,Djibouti,2015,1862.167274,0,169560000,Eastern Africa
338,Eritrea,1990,0,0,4500000,Eastern Africa
339,Eritrea,1991,0,0,0,Eastern Africa
340,Eritrea,1992,152.9867265,0,1000000,Eastern Africa
341,Eritrea,1993,150.9730942,0,67710000,Eastern Africa
342,Eritrea,1994,172.3215472,0,154150000,Eastern Africa
343,Eritrea,1995,187.0504479,0,148290000,Eastern Africa
344,Eritrea,1996,222.5454459,0,157490000,Eastern Africa
345,Eritrea,1997,217.1509292,0,123510000,Eastern Africa
346,Eritrea,1998,231.2266102,0,168810000,Eastern Africa
347,Eritrea,1999,208.6209747,0,149870000,Eastern Africa
348,Eritrea,2000,208.1969487,0,178020000,Eastern Africa
349,Eritrea,2001,215.1392103,0,284700000,Eastern Africa
350,Eritrea,2002,201.7687981,52.51395,226670000,Eastern Africa
351,Eritrea,2003,232.7945459,52.51395,316960000,Eastern Africa
352,Eritrea,2004,287.4222243,52.51395,263520000,Eastern Africa
353,Eritrea,2005,276.7508096,52.51395,349740000,Eastern Africa
354,Eritrea,2006,297.8280588,52.51395,126190000,Eastern Africa
355,Eritrea,2007,317.3294336,52.51395,158530000,Eastern Africa
356,Eritrea,2008,326.0825642,64.66297,145420000,Eastern Africa
357,Eritrea,2009,430.7544499,64.66297,142620000,Eastern Africa
358,Eritrea,2010,482.1490904,64.66297,162300000,Eastern Africa
359,Eritrea,2011,582.7755302,64.66297,133410000,Eastern Africa
360,Eritrea,2012,582.7755302,64.66297,135970000,Eastern Africa
361,Eritrea,2013,582.7755302,64.66297,81310000,Eastern Africa
362,Eritrea,2014,582.7755302,64.66297,82070000,Eastern Africa
363,Eritrea,2015,582.7755302,64.66297,92110000,Eastern Africa
364,Ethiopia,1990,253.1929484,0,1009250000,Eastern Africa
365,Ethiopia,1991,270.2443935,0,1091870000,Eastern Africa
366,Ethiopia,1992,203.1645022,0,1162510000,Eastern Africa
367,Ethiopia,1993,164.9584363,0,1081220000,Eastern Africa
368,Ethiopia,1994,124.9830454,27.01136,1063580000,Eastern Africa
369,Ethiopia,1995,133.7288539,27.01136,876980000,Eastern Africa
370,Ethiopia,1996,144.5003524,27.01136,816500000,Eastern Africa
371,Ethiopia,1997,140.8611257,27.01136,578910000,Eastern Africa
372,Ethiopia,1998,124.5056232,27.01136,660240000,Eastern Africa
373,Ethiopia,1999,119.1340818,27.01136,643290000,Eastern Africa
374,Ethiopia,2000,123.8762057,27.01136,687800000,Eastern Africa
375,Ethiopia,2001,120.1789279,27.01136,1103600000,Eastern Africa
376,Ethiopia,2002,111.3634356,27.01136,1324740000,Eastern Africa
377,Ethiopia,2003,118.8734466,27.01136,1621160000,Eastern Africa
378,Ethiopia,2004,135.7623858,35.9,1830300000,Eastern Africa
379,Ethiopia,2005,161.6266248,29.82034,1929120000,Eastern Africa
380,Ethiopia,2006,193.7949056,29.82034,2034550000,Eastern Africa
381,Ethiopia,2007,243.3026822,38.99598,2551550000,Eastern Africa
382,Ethiopia,2008,325.3825543,38.99598,3316360000,Eastern Africa
383,Ethiopia,2009,379.7566385,38.99598,3823760000,Eastern Africa
384,Ethiopia,2010,341.3099092,38.99598,3455160000,Eastern Africa
385,Ethiopia,2011,354.8463544,38.99598,3492550000,Eastern Africa
386,Ethiopia,2012,468.5067249,38.99598,3224480000,Eastern Africa
387,Ethiopia,2013,502.1535887,38.99598,3885590000,Eastern Africa
388,Ethiopia,2014,571.1622759,38.99598,3584720000,Eastern Africa
389,Ethiopia,2015,645.4650067,38.99598,3233990000,Eastern Africa
390,"Gambia, The",1990,345.8558101,0,97260000,Western Africa
391,"Gambia, The",1991,727.034661,0,99540000,Western Africa
392,"Gambia, The",1992,729.0418881,0,108840000,Western Africa
393,"Gambia, The",1993,748.7842096,0,84900000,Western Africa
394,"Gambia, The",1994,719.9757073,0,68890000,Western Africa
395,"Gambia, The",1995,737.1787914,0,45430000,Western Africa
396,"Gambia, The",1996,773.4393371,0,36060000,Western Africa
397,"Gambia, The",1997,712.3318781,0,38900000,Western Africa
398,"Gambia, The",1998,723.7948296,36.81773,39450000,Western Africa
399,"Gambia, The",1999,681.5374179,36.81773,34350000,Western Africa
400,"Gambia, The",2000,635.5637584,36.81773,49640000,Western Africa
401,"Gambia, The",2001,541.0558913,36.81773,52730000,Western Africa
402,"Gambia, The",2002,440.9474786,36.81773,64470000,Western Africa
403,"Gambia, The",2003,359.6521781,36.81773,63290000,Western Africa
404,"Gambia, The",2004,413.8398778,36.81773,61340000,Western Africa
405,"Gambia, The",2005,432.1929066,36.81773,60760000,Western Africa
406,"Gambia, The",2006,439.3423673,36.81773,75200000,Western Africa
407,"Gambia, The",2007,519.0452673,36.81773,97200000,Western Africa
408,"Gambia, The",2008,607.9479729,36.81773,94550000,Western Africa
409,"Gambia, The",2009,549.3108283,36.81773,125170000,Western Africa
410,"Gambia, The",2010,562.4825159,36.81773,121100000,Western Africa
411,"Gambia, The",2011,514.3738601,41.95005,135720000,Western Africa
412,"Gambia, The",2012,504.9740098,41.95005,138980000,Western Africa
413,"Gambia, The",2013,483.4863008,41.95005,115680000,Western Africa
414,"Gambia, The",2014,434.4656471,41.95005,101530000,Western Africa
415,"Gambia, The",2015,458.9690025,41.95005,107850000,Western Africa
416,Guinea,1990,441.4127933,0,291580000,Western Africa
417,Guinea,1991,472.9737936,0,377520000,Western Africa
418,Guinea,1992,485.9748491,0,447280000,Western Africa
419,Guinea,1993,457.7628488,0,410280000,Western Africa
420,Guinea,1994,448.4475642,0,358230000,Western Africa
421,Guinea,1995,469.2761014,0,415920000,Western Africa
422,Guinea,1996,475.7463919,20.55375,298060000,Western Africa
423,Guinea,1997,453.801151,20.55375,381390000,Western Africa
424,Guinea,1998,421.9982034,20.55375,359570000,Western Africa
425,Guinea,1999,399.9739644,20.55375,237830000,Western Africa
426,Guinea,2000,340.0516918,20.55375,153410000,Western Africa
427,Guinea,2001,315.8398003,20.55375,289250000,Western Africa
428,Guinea,2002,322.811171,20.55375,254190000,Western Africa
429,Guinea,2003,370.1931781,29.70402,250630000,Western Africa
430,Guinea,2004,386.3288283,29.70402,274810000,Western Africa
431,Guinea,2005,303.424498,29.70402,192910000,Western Africa
432,Guinea,2006,427.0691859,29.70402,173120000,Western Africa
433,Guinea,2007,622.1516672,29.70402,227640000,Western Africa
434,Guinea,2008,674.5971068,29.70402,332360000,Western Africa
435,Guinea,2009,636.2717095,29.70402,217660000,Western Africa
436,Guinea,2010,635.6714852,25.30774,220970000,Western Africa
437,Guinea,2011,614.8694482,25.30774,202110000,Western Africa
438,Guinea,2012,654.7998027,25.30774,607430000,Western Africa
439,Guinea,2013,726.0940747,25.30774,467540000,Western Africa
440,Guinea,2014,744.6823178,32.00386,563180000,Western Africa
441,Guinea,2015,725.0646897,32.00386,538450000,Western Africa
442,Guinea-Bissau,1990,241.002485,0,126350000,Western Africa
443,Guinea-Bissau,1991,247.9384212,0,112820000,Western Africa
444,Guinea-Bissau,1992,212.9408099,0,107300000,Western Africa
445,Guinea-Bissau,1993,217.6075323,0,94530000,Western Africa
446,Guinea-Bissau,1994,211.5952576,0,174360000,Western Africa
447,Guinea-Bissau,1995,223.3418401,0,117600000,Western Africa
448,Guinea-Bissau,1996,233.3095607,0,180770000,Western Africa
449,Guinea-Bissau,1997,227.638268,0,124530000,Western Africa
450,Guinea-Bissau,1998,172.0601488,0,96010000,Western Africa
451,Guinea-Bissau,1999,183.8530105,0,52600000,Western Africa
452,Guinea-Bissau,2000,297.7519443,41.35777,81070000,Western Africa
453,Guinea-Bissau,2001,309.486749,41.35777,60690000,Western Africa
454,Guinea-Bissau,2002,321.4813204,41.35777,59880000,Western Africa
455,Guinea-Bissau,2003,360.5718585,41.35777,145370000,Western Africa
456,Guinea-Bissau,2004,393.3138244,41.35777,77850000,Western Africa
457,Guinea-Bissau,2005,424.9534585,41.35777,66760000,Western Africa
458,Guinea-Bissau,2006,418.9445004,41.35777,88200000,Western Africa
459,Guinea-Bissau,2007,481.0694976,41.35777,123430000,Western Africa
460,Guinea-Bissau,2008,583.5445622,41.35777,135200000,Western Africa
461,Guinea-Bissau,2009,544.2220779,41.35777,148360000,Western Africa
462,Guinea-Bissau,2010,546.7216686,41.35777,128130000,Western Africa
463,Guinea-Bissau,2011,688.7718197,41.35777,121010000,Western Africa
464,Guinea-Bissau,2012,604.2683552,41.35777,79660000,Western Africa
465,Guinea-Bissau,2013,622.1351066,41.35777,105630000,Western Africa
466,Guinea-Bissau,2014,611.4384267,45.58116,110260000,Western Africa
467,Guinea-Bissau,2015,585.2105569,45.58116,95080000,Western Africa
468,Haiti,1990,0,0,167390000,Caribbean
469,Haiti,1991,479.5492678,0,177290000,Caribbean
470,Haiti,1992,305.5553692,0,100980000,Caribbean
471,Haiti,1993,249.4127466,0,120650000,Caribbean
472,Haiti,1994,282.4227011,0,599840000,Caribbean
473,Haiti,1995,359.7676569,0,722220000,Caribbean
474,Haiti,1996,365.0113863,0,367310000,Caribbean
475,Haiti,1997,411.608644,0,324970000,Caribbean
476,Haiti,1998,450.9186159,0,407170000,Caribbean
477,Haiti,1999,494.2324206,0,263000000,Caribbean
478,Haiti,2000,462.4806524,58.7439,208010000,Caribbean
479,Haiti,2001,413.7383164,58.7439,170330000,Caribbean
480,Haiti,2002,393.0163027,58.7439,155770000,Caribbean
481,Haiti,2003,329.7820946,58.7439,212520000,Caribbean
482,Haiti,2004,387.9429725,58.7439,298800000,Caribbean
483,Haiti,2005,465.3101876,58.7439,425810000,Caribbean
484,Haiti,2006,505.4706206,48.68502,581480000,Caribbean
485,Haiti,2007,615.8198192,48.68502,701650000,Caribbean
486,Haiti,2008,674.7564147,48.68502,912120000,Caribbean
487,Haiti,2009,668.2976046,48.68502,1122020000,Caribbean
488,Haiti,2010,662.2795182,48.68502,3037580000,Caribbean
489,Haiti,2011,740.9358452,48.68502,1691760000,Caribbean
490,Haiti,2012,766.8437623,48.68502,1273350000,Caribbean
491,Haiti,2013,810.2656073,48.68502,1152130000,Caribbean
492,Haiti,2014,830.1148117,48.68502,1082360000,Caribbean
493,Haiti,2015,814.5463952,48.68502,1042670000,Caribbean
494,Kiribati,1990,549.7643854,0,20220000,Micronesia
495,Kiribati,1991,644.7108451,0,19800000,Micronesia
496,Kiribati,1992,638.4725668,0,26540000,Micronesia
497,Kiribati,1993,619.6545734,0,15730000,Micronesia
498,Kiribati,1994,715.1671148,0,15280000,Micronesia
499,Kiribati,1995,724.7913054,0,15340000,Micronesia
500,Kiribati,1996,842.9591391,0,12800000,Micronesia
501,Kiribati,1997,842.281248,0,15680000,Micronesia
502,Kiribati,1998,801.1629805,0,17380000,Micronesia
503,Kiribati,1999,832.0547943,0,20930000,Micronesia
504,Kiribati,2000,796.7937634,0,17940000,Micronesia
505,Kiribati,2001,734.9492461,0,12430000,Micronesia
506,Kiribati,2002,826.585504,0,20880000,Micronesia
507,Kiribati,2003,1015.038605,0,18570000,Micronesia
508,Kiribati,2004,1130.602806,0,16980000,Micronesia
509,Kiribati,2005,1214.556667,0,28120000,Micronesia
510,Kiribati,2006,1151.555618,0,25550000,Micronesia
511,Kiribati,2007,1357.632211,0,27390000,Micronesia
512,Kiribati,2008,1413.30234,0,27460000,Micronesia
513,Kiribati,2009,1297.285141,0,25290000,Micronesia
514,Kiribati,2010,1493.16051,0,23410000,Micronesia
515,Kiribati,2011,1692.613277,0,64900000,Micronesia
516,Kiribati,2012,1763.815497,0,65670000,Micronesia
517,Kiribati,2013,1724.361737,0,64990000,Micronesia
518,Kiribati,2014,1619.342566,0,80660000,Micronesia
519,Kiribati,2015,1504.715353,0,64950000,Micronesia
520,Lao PDR,1990,203.2559698,0,149070000,South-eastern Asia
521,Lao PDR,1991,234.7193694,0,139750000,South-eastern Asia
522,Lao PDR,1992,250.4922292,0,163640000,South-eastern Asia
523,Lao PDR,1993,287.1875929,0,201030000,South-eastern Asia
524,Lao PDR,1994,325.6292418,0,215200000,South-eastern Asia
525,Lao PDR,1995,363.4716183,60.25133,307910000,South-eastern Asia
526,Lao PDR,1996,377.9712559,60.25133,332110000,South-eastern Asia
527,Lao PDR,1997,345.4969431,60.25133,328780000,South-eastern Asia
528,Lao PDR,1998,248.5413984,60.25133,275780000,South-eastern Asia
529,Lao PDR,1999,277.4951028,60.25133,294610000,South-eastern Asia
530,Lao PDR,2000,324.8450496,69.58312,280890000,South-eastern Asia
531,Lao PDR,2001,326.6408434,68.73439,244840000,South-eastern Asia
532,Lao PDR,2002,319.8270584,68.73439,278080000,South-eastern Asia
533,Lao PDR,2003,362.6252958,68.73439,301260000,South-eastern Asia
534,Lao PDR,2004,417.7516561,68.73439,270030000,South-eastern Asia
535,Lao PDR,2005,475.4164695,72.70226,297420000,South-eastern Asia
536,Lao PDR,2006,590.3013108,72.70226,365170000,South-eastern Asia
537,Lao PDR,2007,709.767087,72.70226,397440000,South-eastern Asia
538,Lao PDR,2008,899.4950787,72.70226,496590000,South-eastern Asia
539,Lao PDR,2009,948.1276421,72.70226,417290000,South-eastern Asia
540,Lao PDR,2010,1141.127115,72.70226,413420000,South-eastern Asia
541,Lao PDR,2011,1304.384015,58.28794,399790000,South-eastern Asia
542,Lao PDR,2012,1588.633147,58.28794,410470000,South-eastern Asia
543,Lao PDR,2013,1838.80602,58.28794,423330000,South-eastern Asia
544,Lao PDR,2014,2017.587781,58.28794,474420000,South-eastern Asia
545,Lao PDR,2015,2159.433735,58.28794,471090000,South-eastern Asia
546,Lesotho,1990,371.8442387,0,139130000,Southern Africa
547,Lesotho,1991,430.9096772,0,123310000,Southern Africa
548,Lesotho,1992,498.4844778,0,143160000,Southern Africa
549,Lesotho,1993,491.4205341,0,143060000,Southern Africa
550,Lesotho,1994,506.9977784,0,115620000,Southern Africa
551,Lesotho,1995,568.8163838,0,112650000,Southern Africa
552,Lesotho,1996,529.3669607,0,103210000,Southern Africa
553,Lesotho,1997,551.2410588,0,91490000,Southern Africa
554,Lesotho,1998,506.9946049,0,61850000,Southern Africa
555,Lesotho,1999,493.2493774,0,31670000,Southern Africa
556,Lesotho,2000,474.8197906,86.25443,37170000,Southern Africa
557,Lesotho,2001,437.8190154,86.25443,55550000,Southern Africa
558,Lesotho,2002,407.8093907,86.25443,77000000,Southern Africa
559,Lesotho,2003,603.6362783,86.25443,79130000,Southern Africa
560,Lesotho,2004,781.5145954,86.25443,95310000,Southern Africa
561,Lesotho,2005,862.9463084,86.25443,68440000,Southern Africa
562,Lesotho,2006,915.7757486,86.25443,71190000,Southern Africa
563,Lesotho,2007,918.5406962,86.25443,129290000,Southern Africa
564,Lesotho,2008,935.3941391,86.25443,144710000,Southern Africa
565,Lesotho,2009,924.1059321,75.8002,122280000,Southern Africa
566,Lesotho,2010,1169.267842,75.8002,256050000,Southern Africa
567,Lesotho,2011,1350.677653,75.8002,256770000,Southern Africa
568,Lesotho,2012,1281.620558,75.8002,276260000,Southern Africa
569,Lesotho,2013,1192.998772,75.8002,320670000,Southern Africa
570,Lesotho,2014,1218.466106,76.6352,107170000,Southern Africa
571,Lesotho,2015,1152.319585,76.6352,83140000,Southern Africa
572,Liberia,1990,183.2892117,0,113740000,Western Africa
573,Liberia,1991,168.9101461,0,157630000,Western Africa
574,Liberia,1992,110.4942877,0,119600000,Western Africa
575,Liberia,1993,80.19005643,0,122330000,Western Africa
576,Liberia,1994,65.67687672,0,63400000,Western Africa
577,Liberia,1995,65.01141558,0,123100000,Western Africa
578,Liberia,1996,72.74622475,0,172670000,Western Africa
579,Liberia,1997,125.4627472,0,75690000,Western Africa
580,Liberia,1998,140.9609018,0,71990000,Western Africa
581,Liberia,1999,161.5641221,0,93950000,Western Africa
582,Liberia,2000,183.4149991,0,67420000,Western Africa
583,Liberia,2001,174.1815473,0,38480000,Western Africa
584,Liberia,2002,177.2851087,0,54990000,Western Africa
585,Liberia,2003,133.4945108,0,106780000,Western Africa
586,Liberia,2004,149.4452549,0,213390000,Western Africa
587,Liberia,2005,168.6480254,42.94108,222090000,Western Africa
588,Liberia,2006,178.927099,42.94108,260900000,Western Africa
589,Liberia,2007,210.3733292,42.94108,702020000,Western Africa
590,Liberia,2008,232.061732,42.94108,1250410000,Western Africa
591,Liberia,2009,303.0667491,42.94108,510750000,Western Africa
592,Liberia,2010,327.4205097,42.94108,1414450000,Western Africa
593,Liberia,2011,379.6895803,42.94108,762250000,Western Africa
594,Liberia,2012,415.0361958,42.94108,566710000,Western Africa
595,Liberia,2013,454.1222236,42.94108,535930000,Western Africa
596,Liberia,2014,458.4651734,42.94108,749610000,Western Africa
597,Liberia,2015,452.0380717,42.94108,1094460000,Western Africa
650,Madagascar,1990,265.6761189,0,396960000,Eastern Africa
651,Madagascar,1991,222.1537443,0,455110000,Eastern Africa
652,Madagascar,1992,245.8643162,0,361550000,Eastern Africa
653,Madagascar,1993,265.9345074,0,361220000,Eastern Africa
654,Madagascar,1994,227.8369055,0,288140000,Eastern Africa
655,Madagascar,1995,234.4940582,0,299410000,Eastern Africa
656,Madagascar,1996,287.3565596,0,354690000,Eastern Africa
657,Madagascar,1997,247.1294102,0,837670000,Eastern Africa
658,Madagascar,1998,252.4652058,0,484670000,Eastern Africa
659,Madagascar,1999,243.2527515,0,362390000,Eastern Africa
660,Madagascar,2000,245.9390659,70.68617,324480000,Eastern Africa
661,Madagascar,2001,278.5557032,70.68617,374530000,Eastern Africa
662,Madagascar,2002,262.2859481,70.68617,373940000,Eastern Africa
663,Madagascar,2003,316.7998965,70.68617,545360000,Eastern Africa
664,Madagascar,2004,245.1235876,70.68617,1252520000,Eastern Africa
665,Madagascar,2005,274.8197023,70.68617,916150000,Eastern Africa
666,Madagascar,2006,292.1507443,70.68617,784410000,Eastern Africa
667,Madagascar,2007,377.8482928,70.68617,896830000,Eastern Africa
668,Madagascar,2008,470.733254,70.68617,847200000,Eastern Africa
669,Madagascar,2009,415.6893226,64.48091,434440000,Eastern Africa
670,Madagascar,2010,412.7309341,64.48091,477160000,Eastern Africa
671,Madagascar,2011,454.963464,64.48091,447130000,Eastern Africa
672,Madagascar,2012,443.9061001,71.57262,368490000,Eastern Africa
673,Madagascar,2013,461.7230722,71.57262,499280000,Eastern Africa
674,Madagascar,2014,452.4631926,71.57262,586240000,Eastern Africa
675,Madagascar,2015,402.0883072,71.57262,677010000,Eastern Africa
676,Malawi,1990,199.287272,0,500360000,Eastern Africa
677,Malawi,1991,228.5552393,0,549570000,Eastern Africa
678,Malawi,1992,184.9518703,0,578040000,Eastern Africa
679,Malawi,1993,212.246564,0,497340000,Eastern Africa
680,Malawi,1994,120.6292554,0,471140000,Eastern Africa
681,Malawi,1995,141.0275216,0,435140000,Eastern Africa
682,Malawi,1996,225.626776,0,492540000,Eastern Africa
683,Malawi,1997,256.5280662,0,344100000,Eastern Africa
684,Malawi,1998,163.5335889,64.13425,434680000,Eastern Africa
685,Malawi,1999,160.7988768,64.13425,446780000,Eastern Africa
686,Malawi,2000,153.2594872,64.13425,448150000,Eastern Africa
687,Malawi,2001,146.7615397,64.13425,411100000,Eastern Africa
688,Malawi,2002,290.9798977,64.13425,379740000,Eastern Africa
689,Malawi,2003,260.1052517,64.13425,519570000,Eastern Africa
690,Malawi,2004,274.2256294,64.13425,507420000,Eastern Africa
691,Malawi,2005,280.3673842,64.13425,573650000,Eastern Africa
692,Malawi,2006,297.6971211,64.13425,722870000,Eastern Africa
693,Malawi,2007,320.2227274,64.13425,743950000,Eastern Africa
694,Malawi,2008,372.842678,64.13425,925330000,Eastern Africa
695,Malawi,2009,420.7379657,64.13425,774180000,Eastern Africa
696,Malawi,2010,458.8681744,61.30972,1017160000,Eastern Africa
697,Malawi,2011,512.1254051,61.30972,797450000,Eastern Africa
698,Malawi,2012,374.5018802,61.30972,1170090000,Eastern Africa
699,Malawi,2013,332.9223039,61.30972,1132670000,Eastern Africa
700,Malawi,2014,354.7253961,65.14537,931450000,Eastern Africa
701,Malawi,2015,362.6575444,62.14354,1049390000,Eastern Africa
702,Mali,1990,316.8165941,0,479170000,Western Africa
703,Mali,1991,314.8369994,0,449680000,Western Africa
704,Mali,1992,319.191412,0,429690000,Western Africa
705,Mali,1993,309.515078,0,369960000,Western Africa
706,Mali,1994,222.5767979,0,440150000,Western Africa
707,Mali,1995,281.7886811,0,540410000,Western Africa
708,Mali,1996,282.081344,0,490170000,Western Africa
709,Mali,1997,266.668047,0,429330000,Western Africa
710,Mali,1998,281.3221274,19.04497,346820000,Western Africa
711,Mali,1999,322.53868,19.04497,354390000,Western Africa
712,Mali,2000,269.3483829,19.04497,288040000,Western Africa
713,Mali,2001,306.8473237,19.04497,351740000,Western Africa
714,Mali,2002,334.2024016,19.04497,420480000,Western Africa
715,Mali,2003,391.7912801,24,556230000,Western Africa
716,Mali,2004,439.3572924,24,585300000,Western Africa
717,Mali,2005,487.9402556,24,724590000,Western Africa
718,Mali,2006,521.6425796,26.17655,869200000,Western Africa
719,Mali,2007,595.6368319,26.17655,1021020000,Western Africa
720,Mali,2008,689.6784228,26.17655,967390000,Western Africa
721,Mali,2009,697.0153124,26.17655,984660000,Western Africa
722,Mali,2010,708.3707632,31.09975,1091460000,Western Africa
723,Mali,2011,835.0889098,33.56094,1267630000,Western Africa
724,Mali,2012,777.3476868,33.56094,995580000,Western Africa
725,Mali,2013,803.8935757,33.56094,1397560000,Western Africa
726,Mali,2014,848.2279485,33.56094,1235920000,Western Africa
727,Mali,2015,749.9501571,33.06889,1200450000,Western Africa
728,Mozambique,1990,189.6245382,0,997510000,Eastern Africa
729,Mozambique,1991,240.1242747,0,1065100000,Eastern Africa
730,Mozambique,1992,162.8269598,0,1459680000,Eastern Africa
731,Mozambique,1993,163.6143937,0,1176960000,Eastern Africa
732,Mozambique,1994,161.7048809,0,1199940000,Eastern Africa
733,Mozambique,1995,160.0176177,0,1063390000,Eastern Africa
734,Mozambique,1996,216.8754283,0,886730000,Eastern Africa
735,Mozambique,1997,253.1096478,38.70788,948210000,Eastern Africa
736,Mozambique,1998,284.373291,38.70788,1039950000,Eastern Africa
737,Mozambique,1999,301.539472,38.70788,818670000,Eastern Africa
738,Mozambique,2000,277.6486591,38.70788,907390000,Eastern Africa
739,Mozambique,2001,256.4414872,38.70788,961470000,Eastern Africa
740,Mozambique,2002,262.8840551,38.70788,2217370000,Eastern Africa
741,Mozambique,2003,283.8911588,48.15884,1049520000,Eastern Africa
742,Mozambique,2004,336.3318145,48.15884,1244290000,Eastern Africa
743,Mozambique,2005,369.1545359,48.15884,1289860000,Eastern Africa
744,Mozambique,2006,385.7567141,48.15884,1641940000,Eastern Africa
745,Mozambique,2007,422.1461573,48.15884,1772950000,Eastern Africa
746,Mozambique,2008,503.1277109,48.15884,1993080000,Eastern Africa
747,Mozambique,2009,463.852618,50.58381,2013600000,Eastern Africa
748,Mozambique,2010,419.2258149,50.58381,1943140000,Eastern Africa
749,Mozambique,2011,526.5313517,50.58381,2065470000,Eastern Africa
750,Mozambique,2012,566.0513873,50.58381,2071700000,Eastern Africa
751,Mozambique,2013,605.9856081,50.58381,2312700000,Eastern Africa
752,Mozambique,2014,623.2871141,50.58381,2106010000,Eastern Africa
753,Mozambique,2015,528.3139758,50.58381,1815030000,Eastern Africa
754,Myanmar,1990,0,0,160770000,South-eastern Asia
755,Myanmar,1991,0,0,177010000,South-eastern Asia
756,Myanmar,1992,0,0,113980000,South-eastern Asia
757,Myanmar,1993,0,0,100150000,South-eastern Asia
758,Myanmar,1994,0,0,167070000,South-eastern Asia
759,Myanmar,1995,0,0,150160000,South-eastern Asia
760,Myanmar,1996,0,0,38920000,South-eastern Asia
761,Myanmar,1997,0,0,49380000,South-eastern Asia
762,Myanmar,1998,0,0,72140000,South-eastern Asia
763,Myanmar,1999,0,0,81050000,South-eastern Asia
764,Myanmar,2000,193.1874804,89.94176,105640000,South-eastern Asia
765,Myanmar,2001,138.9249275,89.94176,125670000,South-eastern Asia
766,Myanmar,2002,143.7760051,89.94176,119030000,South-eastern Asia
767,Myanmar,2003,219.782326,89.94176,125020000,South-eastern Asia
768,Myanmar,2004,219.8156688,89.94176,123450000,South-eastern Asia
769,Myanmar,2005,247.2427006,89.94176,144830000,South-eastern Asia
770,Myanmar,2006,296.9007284,89.94176,145710000,South-eastern Asia
771,Myanmar,2007,410.4500001,89.94176,195890000,South-eastern Asia
772,Myanmar,2008,643.9513703,89.94176,534590000,South-eastern Asia
773,Myanmar,2009,741.0777116,89.94176,355960000,South-eastern Asia
774,Myanmar,2010,987.7365832,89.94176,354920000,South-eastern Asia
775,Myanmar,2011,1186.423937,89.94176,379950000,South-eastern Asia
776,Myanmar,2012,1175.561788,89.94176,504530000,South-eastern Asia
777,Myanmar,2013,1171.464477,89.94176,3936120000,South-eastern Asia
778,Myanmar,2014,1260.422411,89.94176,1384510000,South-eastern Asia
779,Myanmar,2015,1138.992271,89.94176,1168520000,South-eastern Asia
780,Nepal,1990,193.4761241,0,422840000,Southern Asia
781,Nepal,1991,203.7653978,32.97559,448760000,Southern Asia
782,Nepal,1992,172.0062101,32.97559,430870000,Southern Asia
783,Nepal,1993,180.109746,32.97559,363410000,Southern Asia
784,Nepal,1994,194.8890676,32.97559,446620000,Southern Asia
785,Nepal,1995,205.6938414,32.97559,429560000,Southern Asia
786,Nepal,1996,206.4330066,32.97559,389230000,Southern Asia
787,Nepal,1997,219.684466,32.97559,401870000,Southern Asia
788,Nepal,1998,212.4689465,32.97559,400860000,Southern Asia
789,Nepal,1999,215.9805921,32.97559,348500000,Southern Asia
790,Nepal,2000,231.4255004,32.97559,386420000,Southern Asia
791,Nepal,2001,248.6183539,48.60897,388990000,Southern Asia
792,Nepal,2002,246.3075621,48.60897,342910000,Southern Asia
793,Nepal,2003,253.7200412,48.60897,464480000,Southern Asia
794,Nepal,2004,287.4001056,48.60897,425940000,Southern Asia
795,Nepal,2005,317.089198,48.60897,423130000,Southern Asia
796,Nepal,2006,348.6314534,48.60897,527670000,Southern Asia
797,Nepal,2007,393.8843518,48.60897,604410000,Southern Asia
798,Nepal,2008,473.8444409,48.60897,697020000,Southern Asia
799,Nepal,2009,480.7200909,48.60897,853750000,Southern Asia
800,Nepal,2010,592.1835216,48.60897,814400000,Southern Asia
801,Nepal,2011,692.1166842,59.62725,886630000,Southern Asia
802,Nepal,2012,681.7925868,59.62725,769680000,Southern Asia
803,Nepal,2013,688.6172788,59.62725,873330000,Southern Asia
804,Nepal,2014,706.2386977,59.62725,883820000,Southern Asia
805,Nepal,2015,747.1604624,59.62725,1215760000,Southern Asia
806,Niger,1990,309.5864642,0,387590000,Western Africa
807,Niger,1991,281.3964667,0,369560000,Western Africa
808,Niger,1992,274.2860354,0,356710000,Western Africa
809,Niger,1993,181.6903803,0,338520000,Western Africa
810,Niger,1994,170.8094085,0,372950000,Western Africa
811,Niger,1995,198.4528096,0,272390000,Western Africa
812,Niger,1996,202.4214038,0,252060000,Western Africa
813,Niger,1997,181.2955353,0,333230000,Western Africa
814,Niger,1998,196.7250241,0,292340000,Western Africa
815,Niger,1999,184.3464766,0,187270000,Western Africa
816,Niger,2000,158.4055972,0,209210000,Western Africa
817,Niger,2001,165.2507247,14.37604,258980000,Western Africa
818,Niger,2002,177.8208384,14.37604,295810000,Western Africa
819,Niger,2003,215.8050408,14.37604,481020000,Western Africa
820,Niger,2004,232.5661574,14.37604,548680000,Western Africa
821,Niger,2005,250.0383731,28.67242,523090000,Western Africa
822,Niger,2006,258.0463873,28.67242,541940000,Western Africa
823,Niger,2007,292.55962,28.67242,545970000,Western Africa
824,Niger,2008,354.8185998,28.67242,615450000,Western Africa
825,Niger,2009,341.2894618,28.67242,470630000,Western Africa
826,Niger,2010,348.151511,28.67242,741380000,Western Africa
827,Niger,2011,375.5819866,28.67242,644670000,Western Africa
828,Niger,2012,391.5155024,15.4567,891140000,Western Africa
829,Niger,2013,416.1400838,15.4567,797300000,Western Africa
830,Niger,2014,429.790889,15.4567,917780000,Western Africa
831,Niger,2015,362.7521263,15.4567,865870000,Western Africa
832,Rwanda,1990,352.4401342,0,287920000,Eastern Africa
833,Rwanda,1991,271.0814379,57.85349,359160000,Eastern Africa
834,Rwanda,1992,302.7561645,57.85349,348930000,Eastern Africa
835,Rwanda,1993,312.9451551,57.85349,353910000,Eastern Africa
836,Rwanda,1994,125.4994918,57.85349,711750000,Eastern Africa
837,Rwanda,1995,218.2047893,57.85349,694700000,Eastern Africa
838,Rwanda,1996,226.0501885,57.85349,465310000,Eastern Africa
839,Rwanda,1997,283.8776235,57.85349,229730000,Eastern Africa
840,Rwanda,1998,281.7841627,57.85349,350130000,Eastern Africa
841,Rwanda,1999,239.3781268,57.85349,373140000,Eastern Africa
842,Rwanda,2000,216.172747,64.8886,321460000,Eastern Africa
843,Rwanda,2001,201.0569654,64.8886,304660000,Eastern Africa
844,Rwanda,2002,196.5097078,64.8886,359590000,Eastern Africa
845,Rwanda,2003,212.6619491,64.8886,335960000,Eastern Africa
846,Rwanda,2004,236.9114381,64.8886,491140000,Eastern Africa
847,Rwanda,2005,287.0931877,64.8886,572710000,Eastern Africa
848,Rwanda,2006,342.3656294,64.8886,605390000,Eastern Africa
849,Rwanda,2007,404.8533039,64.8886,720060000,Eastern Africa
850,Rwanda,2008,500.6687264,64.8886,935500000,Eastern Africa
851,Rwanda,2009,539.1538211,64.8886,934250000,Eastern Africa
852,Rwanda,2010,563.4910487,65.85227,1033090000,Eastern Africa
853,Rwanda,2011,617.3107648,65.85227,1262830000,Eastern Africa
854,Rwanda,2012,678.0796973,68.33103,878640000,Eastern Africa
855,Rwanda,2013,688.8768557,68.33103,1086290000,Eastern Africa
856,Rwanda,2014,706.5699517,68.33103,1035030000,Eastern Africa
857,Rwanda,2015,710.3483907,68.33103,1081720000,Eastern Africa
858,Sao Tome and Principe,1990,0,0,54120000,Middle Africa
859,Sao Tome and Principe,1991,0,73.24242,51010000,Middle Africa
860,Sao Tome and Principe,1992,0,73.24242,56430000,Middle Africa
861,Sao Tome and Principe,1993,0,73.24242,46490000,Middle Africa
862,Sao Tome and Principe,1994,0,73.24242,49930000,Middle Africa
863,Sao Tome and Principe,1995,0,73.24242,84090000,Middle Africa
864,Sao Tome and Principe,1996,0,73.24242,47400000,Middle Africa
865,Sao Tome and Principe,1997,0,73.24242,33420000,Middle Africa
866,Sao Tome and Principe,1998,0,73.24242,28060000,Middle Africa
867,Sao Tome and Principe,1999,0,73.24242,27520000,Middle Africa
868,Sao Tome and Principe,2000,0,73.24242,34940000,Middle Africa
869,Sao Tome and Principe,2001,510.0216381,84.90851,38180000,Middle Africa
870,Sao Tome and Principe,2002,555.8185378,84.90851,26090000,Middle Africa
871,Sao Tome and Principe,2003,649.3402153,84.90851,37850000,Middle Africa
872,Sao Tome and Principe,2004,693.3045683,84.90851,33680000,Middle Africa
873,Sao Tome and Principe,2005,810.860157,84.90851,32700000,Middle Africa
874,Sao Tome and Principe,2006,843.8009447,84.90851,23060000,Middle Africa
875,Sao Tome and Principe,2007,894.0927988,84.90851,51090000,Middle Africa
876,Sao Tome and Principe,2008,1126.462102,69.53639,47330000,Middle Africa
877,Sao Tome and Principe,2009,1099.571046,69.53639,30510000,Middle Africa
878,Sao Tome and Principe,2010,1129.754961,69.53639,50230000,Middle Africa
879,Sao Tome and Principe,2011,1304.326189,69.53639,73430000,Middle Africa
880,Sao Tome and Principe,2012,1380.949959,90.1431,50660000,Middle Africa
881,Sao Tome and Principe,2013,1619.532678,90.1431,53750000,Middle Africa
882,Sao Tome and Principe,2014,1824.160311,90.1431,41380000,Middle Africa
883,Sao Tome and Principe,2015,1615.320711,90.1431,48950000,Middle Africa
884,Senegal,1990,756.6085301,0,811730000,Western Africa
885,Senegal,1991,721.1150526,0,627520000,Western Africa
886,Senegal,1992,747.8320019,0,662380000,Western Africa
887,Senegal,1993,686.4979804,0,493120000,Western Africa
888,Senegal,1994,455.4885004,0,635490000,Western Africa
889,Senegal,1995,557.7842575,0,652340000,Western Africa
890,Senegal,1996,564.4959826,0,573880000,Western Africa
891,Senegal,1997,508.0726031,0,424530000,Western Africa
892,Senegal,1998,534.0979161,0,502080000,Western Africa
893,Senegal,1999,533.2851225,0,535980000,Western Africa
894,Senegal,2000,473.4500338,0,432150000,Western Africa
895,Senegal,2001,481.2870397,0,423580000,Western Africa
896,Senegal,2002,513.026227,39.27525,445280000,Western Africa
897,Senegal,2003,642.7663113,39.27525,458280000,Western Africa
898,Senegal,2004,733.0581811,39.27525,1066340000,Western Africa
899,Senegal,2005,773.8698713,39.27525,701350000,Western Africa
900,Senegal,2006,809.8038296,41.89115,869360000,Western Africa
901,Senegal,2007,950.3978522,41.89115,865350000,Western Africa
902,Senegal,2008,1101.202117,41.89115,1065820000,Western Africa
903,Senegal,2009,1021.037864,49.69513,1017990000,Western Africa
904,Senegal,2010,1002.52994,49.69513,936400000,Western Africa
905,Senegal,2011,1081.939254,52.05196,1054600000,Western Africa
906,Senegal,2012,1038.077646,52.05196,1075780000,Western Africa
907,Senegal,2013,1051.750745,42.8175,994480000,Western Africa
908,Senegal,2014,1052.127482,42.8175,1108750000,Western Africa
909,Senegal,2015,910.7747772,42.8175,879200000,Western Africa
910,Sierra Leone,1990,150.6511518,0,59320000,Western Africa
911,Sierra Leone,1991,179.8336359,0,103270000,Western Africa
912,Sierra Leone,1992,156.9951224,0,133060000,Western Africa
913,Sierra Leone,1993,178.4905888,0,206470000,Western Africa
914,Sierra Leone,1994,212.884373,0,273730000,Western Africa
915,Sierra Leone,1995,203.6948791,0,212270000,Western Africa
916,Sierra Leone,1996,219.9124669,0,182520000,Western Africa
917,Sierra Leone,1997,197.4746069,0,118010000,Western Africa
918,Sierra Leone,1998,154.4397334,0,106530000,Western Africa
919,Sierra Leone,1999,150.8369725,0,73730000,Western Africa
920,Sierra Leone,2000,139.3147734,0,180640000,Western Africa
921,Sierra Leone,2001,227.7790471,0,334630000,Western Africa
922,Sierra Leone,2002,249.9395402,0,383210000,Western Africa
923,Sierra Leone,2003,263.7618312,0,337170000,Western Africa
924,Sierra Leone,2004,263.1045817,34.82679,376230000,Western Africa
925,Sierra Leone,2005,287.6891942,34.82679,339980000,Western Africa
926,Sierra Leone,2006,322.313468,34.82679,380340000,Western Africa
927,Sierra Leone,2007,358.8274716,34.82679,545910000,Western Africa
928,Sierra Leone,2008,406.3759178,34.82679,379340000,Western Africa
929,Sierra Leone,2009,394.5932439,34.82679,447290000,Western Africa
930,Sierra Leone,2010,405.1284018,34.82679,458300000,Western Africa
931,Sierra Leone,2011,445.052005,34.82679,423890000,Western Africa
932,Sierra Leone,2012,561.8984239,34.82679,439750000,Western Africa
933,Sierra Leone,2013,710.8186998,32.42617,449070000,Western Africa
934,Sierra Leone,2014,708.4427474,32.42617,914140000,Western Africa
935,Sierra Leone,2015,587.5162611,32.42617,946390000,Western Africa
936,Solomon Islands,1990,970.0969308,0,45660000,Melanesia
937,Solomon Islands,1991,998.7594523,0,36610000,Melanesia
938,Solomon Islands,1992,1147.975764,0,45570000,Melanesia
939,Solomon Islands,1993,1210.534609,0,56130000,Melanesia
940,Solomon Islands,1994,1330.822932,0,47890000,Melanesia
941,Solomon Islands,1995,1445.706999,0,47690000,Melanesia
942,Solomon Islands,1996,1529.664872,0,42620000,Melanesia
943,Solomon Islands,1997,1494.733483,0,41770000,Melanesia
944,Solomon Islands,1998,1206.157561,0,42630000,Melanesia
945,Solomon Islands,1999,1200.917702,76.6,39670000,Melanesia
946,Solomon Islands,2000,1054.518572,76.6,68250000,Melanesia
947,Solomon Islands,2001,944.81684,76.6,58770000,Melanesia
948,Solomon Islands,2002,784.9562874,76.6,26180000,Melanesia
949,Solomon Islands,2003,744.7657423,76.6,60140000,Melanesia
950,Solomon Islands,2004,818.442619,76.6,121320000,Melanesia
951,Solomon Islands,2005,880.8748508,76.6,198400000,Melanesia
952,Solomon Islands,2006,948.6592511,76.6,204640000,Melanesia
953,Solomon Islands,2007,1046.931125,76.6,246180000,Melanesia
954,Solomon Islands,2008,1205.791067,76.6,224310000,Melanesia
955,Solomon Islands,2009,1158.282672,76.6,204960000,Melanesia
956,Solomon Islands,2010,1272.448025,76.6,340490000,Melanesia
957,Solomon Islands,2011,1642.837974,76.6,339390000,Melanesia
958,Solomon Islands,2012,1858.689868,76.6,305100000,Melanesia
959,Solomon Islands,2013,1880.5159,76.6,289830000,Melanesia
960,Solomon Islands,2014,2009.652622,76.6,198500000,Melanesia
961,Solomon Islands,2015,1922.041388,76.6,190030000,Melanesia
962,Somalia,1990,0,0,514810000,Eastern Africa
963,Somalia,1991,0,0,186420000,Eastern Africa
964,Somalia,1992,0,0,653660000,Eastern Africa
965,Somalia,1993,0,0,892120000,Eastern Africa
966,Somalia,1994,0,0,535120000,Eastern Africa
967,Somalia,1995,0,0,187930000,Eastern Africa
968,Somalia,1996,0,0,88180000,Eastern Africa
969,Somalia,1997,0,0,81180000,Eastern Africa
970,Somalia,1998,0,0,81320000,Eastern Africa
971,Somalia,1999,0,0,115700000,Eastern Africa
972,Somalia,2000,0,0,102230000,Eastern Africa
973,Somalia,2001,0,0,149300000,Eastern Africa
974,Somalia,2002,0,0,152720000,Eastern Africa
975,Somalia,2003,0,0,176180000,Eastern Africa
976,Somalia,2004,0,0,201280000,Eastern Africa
977,Somalia,2005,0,0,240220000,Eastern Africa
978,Somalia,2006,0,0,396170000,Eastern Africa
979,Somalia,2007,0,0,393740000,Eastern Africa
980,Somalia,2008,0,0,765870000,Eastern Africa
981,Somalia,2009,0,0,661640000,Eastern Africa
982,Somalia,2010,0,0,505680000,Eastern Africa
983,Somalia,2011,0,0,1098980000,Eastern Africa
984,Somalia,2012,0,0,990460000,Eastern Africa
985,Somalia,2013,407.5432354,0,1054580000,Eastern Africa
986,Somalia,2014,417.8900143,0,1109580000,Eastern Africa
987,Somalia,2015,426.0098537,0,1253550000,Eastern Africa
988,South Sudan,1990,0,0,0,Eastern Africa
989,South Sudan,1991,0,0,0,Eastern Africa
990,South Sudan,1992,0,0,0,Eastern Africa
991,South Sudan,1993,0,0,0,Eastern Africa
992,South Sudan,1994,0,0,0,Eastern Africa
993,South Sudan,1995,0,0,0,Eastern Africa
994,South Sudan,1996,0,0,0,Eastern Africa
995,South Sudan,1997,0,0,0,Eastern Africa
996,South Sudan,1998,0,0,0,Eastern Africa
997,South Sudan,1999,0,0,0,Eastern Africa
998,South Sudan,2000,0,0,0,Eastern Africa
999,South Sudan,2001,0,0,0,Eastern Africa
1000,South Sudan,2002,0,0,0,Eastern Africa
1001,South Sudan,2003,0,0,0,Eastern Africa
1002,South Sudan,2004,0,0,0,Eastern Africa
1003,South Sudan,2005,0,0,0,Eastern Africa
1004,South Sudan,2006,0,0,0,Eastern Africa
1005,South Sudan,2007,0,0,0,Eastern Africa
1006,South Sudan,2008,1678.711862,26.83128,0,Eastern Africa
1007,South Sudan,2009,1264.789908,26.83128,0,Eastern Africa
1008,South Sudan,2010,1562.239346,26.83128,0,Eastern Africa
1009,South Sudan,2011,1706.090713,26.83128,435830000,Eastern Africa
1010,South Sudan,2012,958.4550081,26.83128,1186260000,Eastern Africa
1011,South Sudan,2013,1186.101325,26.83128,1399300000,Eastern Africa
1012,South Sudan,2014,1151.861715,26.83128,1964120000,Eastern Africa
1013,South Sudan,2015,758.7205782,26.83128,1674830000,Eastern Africa
1014,Sudan,1990,478.8012635,0,848240000,Northern Africa
1015,Sudan,1991,427.8063438,0,867110000,Northern Africa
1016,Sudan,1992,257.651551,0,536310000,Northern Africa
1017,Sudan,1993,316.9027309,0,447900000,Northern Africa
1018,Sudan,1994,444.5573291,0,408290000,Northern Africa
1019,Sudan,1995,467.8137011,0,237430000,Northern Africa
1020,Sudan,1996,296.8743719,0,218100000,Northern Africa
1021,Sudan,1997,374.1136199,0,138940000,Northern Africa
1022,Sudan,1998,350.4396796,0,211210000,Northern Africa
1023,Sudan,1999,323.5717952,0,246340000,Northern Africa
1024,Sudan,2000,361.0305843,61.34587,225290000,Northern Africa
1025,Sudan,2001,377.5254454,61.34587,192260000,Northern Africa
1026,Sudan,2002,412.1517561,61.34587,304930000,Northern Africa
1027,Sudan,2003,477.7384078,61.34587,620230000,Northern Africa
1028,Sudan,2004,565.0569459,61.34587,994580000,Northern Africa
1029,Sudan,2005,679.7539949,61.34587,1826110000,Northern Africa
1030,Sudan,2006,893.8793645,61.34587,2048440000,Northern Africa
1031,Sudan,2007,1115.6952,61.34587,2120590000,Northern Africa
1032,Sudan,2008,1291.528826,53.51738,2566430000,Northern Africa
1033,Sudan,2009,1226.884381,53.51738,2352470000,Northern Africa
1034,Sudan,2010,1476.478087,53.51738,2025850000,Northern Africa
1035,Sudan,2011,1666.857757,53.51738,1742400000,Northern Africa
1036,Sudan,2012,1892.894352,53.51738,1369130000,Northern Africa
1037,Sudan,2013,1955.660799,53.51738,1507330000,Northern Africa
1038,Sudan,2014,2176.898029,53.51738,874800000,Northern Africa
1039,Sudan,2015,2513.884661,53.51738,899900000,Northern Africa
1040,Tanzania,1990,172.0447984,0,1163150000,Eastern Africa
1041,Tanzania,1991,193.7400952,0,1073000000,Eastern Africa
1042,Tanzania,1992,173.8913828,0,1334080000,Eastern Africa
1043,Tanzania,1993,155.5982751,0,944430000,Eastern Africa
1044,Tanzania,1994,159.6357424,0,963570000,Eastern Africa
1045,Tanzania,1995,180.4650233,0,871050000,Eastern Africa
1046,Tanzania,1996,216.9327932,0,867210000,Eastern Africa
1047,Tanzania,1997,249.931287,0,943850000,Eastern Africa
1048,Tanzania,1998,296.3409541,0,1001500000,Eastern Africa
1049,Tanzania,1999,299.7867537,0,991940000,Eastern Africa
1050,Tanzania,2000,306.7238273,0,1064250000,Eastern Africa
1051,Tanzania,2001,304.339284,0,1274900000,Eastern Africa
1052,Tanzania,2002,308.0565528,69.4309,1260430000,Eastern Africa
1053,Tanzania,2003,323.0721066,69.4309,1725760000,Eastern Africa
1054,Tanzania,2004,345.189237,69.4309,1774200000,Eastern Africa
1055,Tanzania,2005,442.2528543,69.4309,1492450000,Eastern Africa
1056,Tanzania,2006,471.5273761,69.4309,1887650000,Eastern Africa
1057,Tanzania,2007,528.063562,69.4309,2819960000,Eastern Africa
1058,Tanzania,2008,651.2624387,69.4309,2330670000,Eastern Africa
1059,Tanzania,2009,658.7579527,69.4309,2927780000,Eastern Africa
1060,Tanzania,2010,701.6045501,67.8007,2960310000,Eastern Africa
1061,Tanzania,2011,733.4128065,67.8007,2441820000,Eastern Africa
1062,Tanzania,2012,820.1562898,78.10059,2822230000,Eastern Africa
1063,Tanzania,2013,901.7314303,78.10059,3433580000,Eastern Africa
1064,Tanzania,2014,950.3743138,78.10059,2648730000,Eastern Africa
1065,Tanzania,2015,872.2940933,77.88723,2580470000,Eastern Africa
1066,Timor-Leste,1990,0,0,100000,South-eastern Asia
1067,Timor-Leste,1991,0,0,940000,South-eastern Asia
1068,Timor-Leste,1992,0,0,130000,South-eastern Asia
1069,Timor-Leste,1993,0,0,420000,South-eastern Asia
1070,Timor-Leste,1994,0,0,230000,South-eastern Asia
1071,Timor-Leste,1995,0,0,20000,South-eastern Asia
1072,Timor-Leste,1996,0,0,80000,South-eastern Asia
1073,Timor-Leste,1997,0,0,430000,South-eastern Asia
1074,Timor-Leste,1998,0,0,1670000,South-eastern Asia
1075,Timor-Leste,1999,0,0,152820000,South-eastern Asia
1076,Timor-Leste,2000,402.0066527,0,231270000,South-eastern Asia
1077,Timor-Leste,2001,481.2947703,37.6,194170000,South-eastern Asia
1078,Timor-Leste,2002,457.7900166,37.6,219050000,South-eastern Asia
1079,Timor-Leste,2003,448.0615951,37.6,175030000,South-eastern Asia
1080,Timor-Leste,2004,444.3430043,37.6,161240000,South-eastern Asia
1081,Timor-Leste,2005,454.5957016,37.6,184620000,South-eastern Asia
1082,Timor-Leste,2006,419.622201,37.6,209140000,South-eastern Asia
1083,Timor-Leste,2007,498.8491398,50.6,278340000,South-eastern Asia
1084,Timor-Leste,2008,611.7759685,50.6,277700000,South-eastern Asia
1085,Timor-Leste,2009,719.7315431,50.6,216600000,South-eastern Asia
1086,Timor-Leste,2010,806.0627745,58.30898,291460000,South-eastern Asia
1087,Timor-Leste,2011,931.0460326,58.30898,278710000,South-eastern Asia
1088,Timor-Leste,2012,1027.784502,58.30898,283640000,South-eastern Asia
1089,Timor-Leste,2013,1190.510366,58.30898,258570000,South-eastern Asia
1090,Timor-Leste,2014,1196.061391,58.30898,249540000,South-eastern Asia
1091,Timor-Leste,2015,1294.54454,58.30898,212290000,South-eastern Asia
1092,Togo,1990,430.0114381,0,258240000,Western Africa
1093,Togo,1991,412.722312,0,199270000,Western Africa
1094,Togo,1992,426.0809921,0,222430000,Western Africa
1095,Togo,1993,303.4487827,0,95820000,Western Africa
1096,Togo,1994,236.0011558,0,124650000,Western Africa
1097,Togo,1995,306.3583371,0,191340000,Western Africa
1098,Togo,1996,333.189857,0,155400000,Western Africa
1099,Togo,1997,330.5621437,0,125130000,Western Africa
1100,Togo,1998,339.2473068,0,128460000,Western Africa
1101,Togo,1999,326.6040699,0,71530000,Western Africa
1102,Togo,2000,260.3932935,53.1776,69630000,Western Africa
1103,Togo,2001,260.6394652,53.1776,46090000,Western Africa
1104,Togo,2002,280.8032123,53.1776,51130000,Western Africa
1105,Togo,2003,310.4370144,53.1776,50090000,Western Africa
1106,Togo,2004,349.9937253,53.1776,65130000,Western Africa
1107,Togo,2005,372.1721837,53.1776,82610000,Western Africa
1108,Togo,2006,377.336029,56.88837,79830000,Western Africa
1109,Togo,2007,420.7604743,56.88837,122490000,Western Africa
1110,Togo,2008,513.391914,56.88837,330140000,Western Africa
1111,Togo,2009,499.6468713,57.09338,494520000,Western Africa
1112,Togo,2010,487.9238913,57.09338,403380000,Western Africa
1113,Togo,2011,562.3393592,60.40994,542380000,Western Africa
1114,Togo,2012,563.6894247,60.40994,245080000,Western Africa
1115,Togo,2013,579.434805,60.40994,226320000,Western Africa
1116,Togo,2014,620.1318489,60.40994,210960000,Western Africa
1117,Togo,2015,551.1308346,63.74562,199620000,Western Africa
1118,Tuvalu,1990,980.1674709,0,5060000,Polynesia
1119,Tuvalu,1991,1034.482041,0,5010000,Polynesia
1120,Tuvalu,1992,1069.595946,0,8060000,Polynesia
1121,Tuvalu,1993,1051.85266,0,4250000,Polynesia
1122,Tuvalu,1994,1184.638255,0,7370000,Polynesia
1123,Tuvalu,1995,1194.576939,0,7850000,Polynesia
1124,Tuvalu,1996,1332.63248,0,10340000,Polynesia
1125,Tuvalu,1997,1369.074641,0,10130000,Polynesia
1126,Tuvalu,1998,1370.904026,0,5190000,Polynesia
1127,Tuvalu,1999,1464.648593,0,6780000,Polynesia
1128,Tuvalu,2000,1458.817097,0,4030000,Polynesia
1129,Tuvalu,2001,1387.357543,0,9510000,Polynesia
1130,Tuvalu,2002,1603.631992,0,11710000,Polynesia
1131,Tuvalu,2003,1866.599625,0,6310000,Polynesia
1132,Tuvalu,2004,2176.564747,0,8070000,Polynesia
1133,Tuvalu,2005,2178.02921,0,9120000,Polynesia
1134,Tuvalu,2006,2259.333279,0,15410000,Polynesia
1135,Tuvalu,2007,2638.911845,0,11810000,Polynesia
1136,Tuvalu,2008,2929.42164,0,16200000,Polynesia
1137,Tuvalu,2009,2595.639908,0,17710000,Polynesia
1138,Tuvalu,2010,3021.889528,0,14010000,Polynesia
1139,Tuvalu,2011,3698.910096,0,38910000,Polynesia
1140,Tuvalu,2012,3718.018711,0,25480000,Polynesia
1141,Tuvalu,2013,3542.135089,0,27590000,Polynesia
1142,Tuvalu,2014,3415.813158,0,34300000,Polynesia
1143,Tuvalu,2015,2970.027974,0,49650000,Polynesia
1144,Uganda,1990,246.8273307,0,663100000,Eastern Africa
1145,Uganda,1991,184.126852,56.10738,663280000,Eastern Africa
1146,Uganda,1992,153.1911684,56.10738,724950000,Eastern Africa
1147,Uganda,1993,167.0748918,56.10738,609990000,Eastern Africa
1148,Uganda,1994,200.4472479,56.10738,751970000,Eastern Africa
1149,Uganda,1995,280.0845471,56.10738,833960000,Eastern Africa
1150,Uganda,1996,285.0934669,56.10738,674880000,Eastern Africa
1151,Uganda,1997,286.7169623,56.10738,813440000,Eastern Africa
1152,Uganda,1998,291.9864072,56.10738,658100000,Eastern Africa
1153,Uganda,1999,257.7477999,56.10738,607680000,Eastern Africa
1154,Uganda,2000,257.6303609,56.10738,855930000,Eastern Africa
1155,Uganda,2001,234.9840775,56.10738,828940000,Eastern Africa
1156,Uganda,2002,240.2423229,68.14251,732980000,Eastern Africa
1157,Uganda,2003,237.9995917,68.14251,1003710000,Eastern Africa
1158,Uganda,2004,288.0236949,68.14251,1222240000,Eastern Africa
1159,Uganda,2005,315.7880227,68.14251,1195330000,Eastern Africa
1160,Uganda,2006,336.4593923,71.37314,1589230000,Eastern Africa
1161,Uganda,2007,401.8508631,71.37314,1738140000,Eastern Africa
1162,Uganda,2008,449.6928183,71.37314,1643380000,Eastern Africa
1163,Uganda,2009,554.404991,71.37314,1786360000,Eastern Africa
1164,Uganda,2010,595.2061732,73.21188,1690140000,Eastern Africa
1165,Uganda,2011,574.9402639,73.21188,1572750000,Eastern Africa
1166,Uganda,2012,637.1300089,70.19822,1642500000,Eastern Africa
1167,Uganda,2013,655.0496074,70.19822,1699930000,Eastern Africa
1168,Uganda,2014,702.8808064,70.19822,1634660000,Eastern Africa
1169,Uganda,2015,674.044972,70.19822,1628250000,Eastern Africa
1170,Vanuatu,1990,1080.222889,0,49530000,Melanesia
1171,Vanuatu,1991,1252.636231,0,52240000,Melanesia
1172,Vanuatu,1992,1263.455261,0,39830000,Melanesia
1173,Vanuatu,1993,1176.870452,0,34980000,Melanesia
1174,Vanuatu,1994,1335.259799,0,41720000,Melanesia
1175,Vanuatu,1995,1390.329687,0,45580000,Melanesia
1176,Vanuatu,1996,1427.10248,0,31070000,Melanesia
1177,Vanuatu,1997,1462.238195,0,27230000,Melanesia
1178,Vanuatu,1998,1472.957091,0,40710000,Melanesia
1179,Vanuatu,1999,1477.841822,74,37280000,Melanesia
1180,Vanuatu,2000,1469.849149,74,45800000,Melanesia
1181,Vanuatu,2001,1362.601731,74,31620000,Melanesia
1182,Vanuatu,2002,1353.934819,74,27520000,Melanesia
1183,Vanuatu,2003,1580.502724,74,32660000,Melanesia
1184,Vanuatu,2004,1787.947023,74,38200000,Melanesia
1185,Vanuatu,2005,1886.433359,74,39890000,Melanesia
1186,Vanuatu,2006,2047.097823,74,49010000,Melanesia
1187,Vanuatu,2007,2393.367265,74,56840000,Melanesia
1188,Vanuatu,2008,2697.961375,74,92420000,Melanesia
1189,Vanuatu,2009,2643.441423,74,100150000,Melanesia
1190,Vanuatu,2010,2965.802434,74,107860000,Melanesia
1191,Vanuatu,2011,3275.091684,74,91090000,Melanesia
1192,Vanuatu,2012,3158.58688,74,101940000,Melanesia
1193,Vanuatu,2013,3167.343056,74,91340000,Melanesia
1194,Vanuatu,2014,3148.365103,74,100410000,Melanesia
1195,Vanuatu,2015,2805.83414,74,186560000,Melanesia
1196,"Yemen, Rep.",1990,468.3780079,0,449830000,Western Asia
1197,"Yemen, Rep.",1991,468.3739664,0,296350000,Western Asia
1198,"Yemen, Rep.",1992,485.0556996,0,253770000,Western Asia
1199,"Yemen, Rep.",1993,382.9763204,0,313740000,Western Asia
1200,"Yemen, Rep.",1994,283.6347307,37.09,171700000,Western Asia
1201,"Yemen, Rep.",1995,277.9769717,37.09,171790000,Western Asia
1202,"Yemen, Rep.",1996,364.1212046,37.09,252270000,Western Asia
1203,"Yemen, Rep.",1997,416.7870194,37.09,355400000,Western Asia
1204,"Yemen, Rep.",1998,374.3573128,37.09,394240000,Western Asia
1205,"Yemen, Rep.",1999,439.6972109,37.09,460830000,Western Asia
1206,"Yemen, Rep.",2000,539.1043652,37.09,312800000,Western Asia
1207,"Yemen, Rep.",2001,535.8330521,37.09,371830000,Western Asia
1208,"Yemen, Rep.",2002,565.2083683,37.09,216500000,Western Asia
1209,"Yemen, Rep.",2003,605.1647335,37.09,244060000,Western Asia
1210,"Yemen, Rep.",2004,693.0835669,37.09,266510000,Western Asia
1211,"Yemen, Rep.",2005,813.9643857,37.09,296000000,Western Asia
1212,"Yemen, Rep.",2006,901.7599875,37.09,287810000,Western Asia
1213,"Yemen, Rep.",2007,995.6284828,37.09,242890000,Western Asia
1214,"Yemen, Rep.",2008,1203.720733,37.09,429110000,Western Asia
1215,"Yemen, Rep.",2009,1093.812918,37.09,559310000,Western Asia
1216,"Yemen, Rep.",2010,1309.23196,37.09,667080000,Western Asia
1217,"Yemen, Rep.",2011,1349.42025,37.09,477050000,Western Asia
1218,"Yemen, Rep.",2012,1420.842721,37.09,710230000,Western Asia
1219,"Yemen, Rep.",2013,1580.181601,37.09,1039630000,Western Asia
1220,"Yemen, Rep.",2014,1647.033657,37.09,1163450000,Western Asia
1221,"Yemen, Rep.",2015,1401.903319,37.09,1531430000,Western Asia
1222,Zambia,1990,409.2579854,64.99826,474810000,Eastern Africa
1223,Zambia,1991,410.0718753,64.99826,877970000,Eastern Africa
1224,Zambia,1992,376.4574375,64.99826,1030780000,Eastern Africa
1225,Zambia,1993,377.5723176,64.99826,866920000,Eastern Africa
1226,Zambia,1994,411.0389997,64.99826,715130000,Eastern Africa
1227,Zambia,1995,416.6613811,64.99826,2030670000,Eastern Africa
1228,Zambia,1996,382.9151113,64.99826,608060000,Eastern Africa
1229,Zambia,1997,445.1711797,64.99826,609690000,Eastern Africa
1230,Zambia,1998,355.5380307,64.99826,348150000,Eastern Africa
1231,Zambia,1999,332.461627,68.00179,623210000,Eastern Africa
1232,Zambia,2000,341.9055625,68.00179,794650000,Eastern Africa
1233,Zambia,2001,378.2736238,68.00179,570840000,Eastern Africa
1234,Zambia,2002,377.1305244,69.14922,810730000,Eastern Africa
1235,Zambia,2003,429.1583434,69.14922,770450000,Eastern Africa
1236,Zambia,2004,530.2772217,69.14922,1128450000,Eastern Africa
1237,Zambia,2005,691.3178164,69.14922,1169050000,Eastern Africa
1238,Zambia,2006,1030.154199,69.14922,1470270000,Eastern Africa
1239,Zambia,2007,1104.587985,61.42829,1006970000,Eastern Africa
1240,Zambia,2008,1369.068249,61.42829,1114710000,Eastern Africa
1241,Zambia,2009,1139.110233,61.42829,1270820000,Eastern Africa
1242,Zambia,2010,1463.213573,83.00767,919320000,Eastern Africa
1243,Zambia,2011,1644.619672,83.00767,1033470000,Eastern Africa
1244,Zambia,2012,1734.930612,83.00767,957140000,Eastern Africa
1245,Zambia,2013,1850.793359,83.00767,1145390000,Eastern Africa
1246,Zambia,2014,1738.088202,83.00767,997730000,Eastern Africa
1247,Zambia,2015,1313.889646,83.00767,797140000,Eastern Africa