id,country,year,gdp_per_capita,literacy_rate,net_aid_received
0,Low income,1990,296.6170898,46.36885,11572580000.0
1,Low income,1991,294.5175138,46.62825,11387240000.0
2,Low income,1992,253.0355421,46.96216,12491390000.0
3,Low income,1993,244.9700437,47.25052,11017410000.0
4,Low income,1994,200.8750892,47.84493,12155080000.0
5,Low income,1995,225.2850946,48.13387,11548050000.0
6,Low income,1996,244.3895633,48.50648,9956940000.0
7,Low income,1997,245.9465147,49.25546,9488250000.0
8,Low income,1998,242.0931475,49.79527,9298280000.0
9,Low income,1999,235.9365445,50.34502,8501600000.0
10,Low income,2000,265.0667412,50.67088,8323390000.0
11,Low income,2001,232.8642908,51.36116,10146880000.0
12,Low income,2002,244.6226707,51.64633,13656330000.0
13,Low income,2003,261.277159,52.2903,19147330000.0
14,Low income,2004,289.6596428,54.1117,19224670000.0
15,Low income,2005,325.4514011,53.26303,19413850000.0
16,Low income,2006,354.221683,53.08421,21917500000.0
17,Low income,2007,412.362572,54.23258,26726290000.0
18,Low income,2008,483.1282257,53.40461,30027000000.0
19,Low income,2009,497.7646262,54.6644,32456300000.0
20,Low income,2010,522.0282831,54.75829,36539980000.0
21,Low income,2011,571.2246958,56.81752,37720170000.0
22,Low income,2012,598.2791502,57.95468,35172070000.0
23,Low income,2013,629.2776041,58.38585,35381030000.0
24,Low income,2014,659.3436492,59.2793,35136420000.0
25,Low income,2015,626.9138919,59.75239,33983290000.0
26,Lower middle income,1990,478.3402371,57.80083,26332280000.0
27,Lower middle income,1991,451.0722163,58.3053,27575110000.0
28,Lower middle income,1992,460.7729768,59.2215,25500050000.0
29,Lower middle income,1993,458.8016295,59.95408,21777200000.0
30,Lower middle income,1994,488.4017744,60.65868,25053680000.0
31,Lower middle income,1995,537.9191293,61.33435,22750220000.0
32,Lower middle income,1996,579.6203849,62.07624,22012930000.0
33,Lower middle income,1997,587.1580827,62.7121,18720620000.0
34,Lower middle income,1998,518.5568096,65.84399,19972680000.0
35,Lower middle income,1999,553.3706781,66.48792,21019000000.0
36,Lower middle income,2000,574.9042197,66.67575,19526780000.0
37,Lower middle income,2001,570.0716681,67.18486,21690310000.0
38,Lower middle income,2002,602.4015207,68.01937,21919560000.0
39,Lower middle income,2003,679.2832343,68.84452,22435970000.0
40,Lower middle income,2004,763.661047,69.55523,23993450000.0
41,Lower middle income,2005,866.3744719,69.40597,34829290000.0
42,Lower middle income,2006,1015.09352,69.41222,40587140000.0
43,Lower middle income,2007,1229.302148,69.83738,32290950000.0
44,Lower middle income,2008,1361.745875,70.7936,36255120000.0
45,Lower middle income,2009,1373.618214,71.43398,41023030000.0
46,Lower middle income,2010,1693.013089,72.71435,40289130000.0
47,Lower middle income,2011,1885.74899,72.24664,41445610000.0
48,Lower middle income,2012,1947.73219,74.21019,42929350000.0
49,Lower middle income,2013,2001.840877,74.65994,54386050000.0
50,Lower middle income,2014,2075.893344,75.36975,50874580000.0
51,Lower middle income,2015,2025.929064,75.83826,47852620000.0
52,Afghanistan,1990,0.0,0.0,121720000.0
53,Afghanistan,1991,0.0,0.0,507530000.0
54,Afghanistan,1992,0.0,0.0,204900000.0
55,Afghanistan,1993,0.0,0.0,223800000.0
56,Afghanistan,1994,0.0,0.0,226420000.0
57,Afghanistan,1995,0.0,0.0,212530000.0
58,Afghanistan,1996,0.0,0.0,169630000.0
59,Afghanistan,1997,0.0,0.0,230750000.0
60,Afghanistan,1998,0.0,0.0,164200000.0
61,Afghanistan,1999,0.0,0.0,142860000.0
62,Afghanistan,2000,0.0,0.0,136010000.0
63,Afghanistan,2001,117.4096908,0.0,410360000.0
64,Afghanistan,2002,187.845095,0.0,1309770000.0
65,Afghanistan,2003,198.7285436,0.0,1593670000.0
66,Afghanistan,2004,219.1413528,0.0,2310640000.0
67,Afghanistan,2005,250.2941299,0.0,2837950000.0
68,Afghanistan,2006,272.563077,0.0,2962000000.0
69,Afghanistan,2007,369.835796,0.0,4964910000.0
70,Afghanistan,2008,373.3611163,0.0,4875860000.0
71,Afghanistan,2009,445.8932979,0.0,6234000000.0
72,Afghanistan,2010,553.3002894,0.0,6471680000.0
73,Afghanistan,2011,603.5370231,31.74112,6867050000.0
74,Afghanistan,2012,669.0090509,0.0,6668030000.0
75,Afghanistan,2013,631.7449706,0.0,5152540000.0
76,Afghanistan,2014,612.0696514,0.0,4945130000.0
77,Afghanistan,2015,569.5779229,0.0,4239180000.0
78,Angola,1990,823.7921843,0.0,265770000.0
79,Angola,1991,965.3612964,0.0,277080000.0
80,Angola,1992,438.3205196,0.0,343590000.0
81,Angola,1993,393.7845209,0.0,289390000.0
82,Angola,1994,293.2782224,0.0,447070000.0
83,Angola,1995,353.1820451,0.0,416420000.0
84,Angola,1996,512.6209659,0.0,459310000.0
85,Angola,1997,506.8849522,0.0,354660000.0
86,Angola,1998,415.6933459,0.0,335270000.0
87,Angola,1999,385.7688535,0.0,387540000.0
88,Angola,2000,555.2969419,0.0,302210000.0
89,Angola,2001,526.168743,67.40542,282730000.0
90,Angola,2002,711.181716,0.0,414030000.0
91,Angola,2003,779.4683056,0.0,493500000.0
92,Angola,2004,1041.086844,0.0,1144570000.0
93,Angola,2005,1443.991929,0.0,414680000.0
94,Angola,2006,2062.415149,0.0,163520000.0
95,Angola,2007,2878.837144,0.0,247670000.0
96,Angola,2008,3868.578883,0.0,369040000.0
97,Angola,2009,3347.84485,0.0,238930000.0
98,Angola,2010,3529.053482,0.0,235160000.0
99,Angola,2011,4299.012889,0.0,192940000.0
100,Angola,2012,4598.249988,0.0,243610000.0
101,Angola,2013,4804.616884,0.0,285540000.0
102,Angola,2014,4709.312024,66.03011,235390000.0
103,Angola,2015,3695.793748,0.0,380090000.0
104,Bangladesh,1990,297.5679945,0.0,2092760000.0
105,Bangladesh,1991,284.7255998,35.3193,1880240000.0
106,Bangladesh,1992,285.0954994,0.0,1818390000.0
107,Bangladesh,1993,291.7144952,0.0,1383260000.0
108,Bangladesh,1994,290.652464,0.0,1742890000.0
109,Bangladesh,1995,319.6086944,0.0,1281740000.0
110,Bangladesh,1996,382.9357493,0.0,1228070000.0
111,Bangladesh,1997,389.5236244,0.0,1012360000.0
112,Bangladesh,1998,395.2974607,0.0,1162860000.0
113,Bangladesh,1999,397.3548219,0.0,1219490000.0
114,Bangladesh,2000,405.6033071,0.0,1174330000.0
115,Bangladesh,2001,402.5981152,47.4855,1045000000.0
116,Bangladesh,2002,400.6135745,0.0,900550000.0
117,Bangladesh,2003,432.7388972,0.0,1397870000.0
118,Bangladesh,2004,460.7579167,0.0,1416830000.0
119,Bangladesh,2005,484.1554071,0.0,1320430000.0
120,Bangladesh,2006,494.0501466,0.0,1222890000.0
121,Bangladesh,2007,541.0651484,46.6636,1512900000.0
122,Bangladesh,2008,615.7775411,0.0,2070900000.0
123,Bangladesh,2009,681.1205368,0.0,1227080000.0
124,Bangladesh,2010,757.6717572,0.0,1404600000.0
125,Bangladesh,2011,835.7893401,47.07731,1491530000.0
126,Bangladesh,2012,856.342857,0.0,2151700000.0
127,Bangladesh,2013,951.8894535,0.0,2633590000.0
128,Bangladesh,2014,1084.56543,0.0,2422640000.0
129,Bangladesh,2015,1210.158769,0.0,2570240000.0
130,Benin,1990,393.6862144,0.0,266880000.0
131,Benin,1991,385.753616,0.0,265660000.0
132,Benin,1992,317.9628553,27.24525,269040000.0
133,Benin,1993,411.9260305,0.0,287760000.0
134,Benin,1994,279.6665043,0.0,256380000.0
135,Benin,1995,367.387341,0.0,280560000.0
136,Benin,1996,387.4329246,0.0,288290000.0
137,Benin,1997,361.1002698,0.0,221150000.0
138,Benin,1998,379.442354,0.0,205230000.0
139,Benin,1999,403.6237038,0.0,212440000.0
140,Benin,2000,374.1923942,0.0,244770000.0
141,Benin,2001,378.736054,0.0,280420000.0
142,Benin,2002,418.6985763,34.65785,221540000.0
143,Benin,2003,519.2922847,0.0,301990000.0
144,Benin,2004,583.4093514,0.0,391790000.0
145,Benin,2005,601.799977,0.0,349080000.0
146,Benin,2006,625.830092,28.70211,400310000.0
147,Benin,2007,706.0535419,0.0,475300000.0
148,Benin,2008,820.1513498,0.0,636720000.0
149,Benin,2009,793.45243,0.0,677570000.0
150,Benin,2010,757.6959074,0.0,689270000.0
151,Benin,2011,825.9427854,0.0,672610000.0
152,Benin,2012,837.9505001,32.94882,507880000.0
153,Benin,2013,915.2674586,0.0,660200000.0
154,Benin,2014,943.686575,0.0,599320000.0
155,Benin,2015,783.947091,0.0,430220000.0
156,Bhutan,1990,557.9721483,0.0,46000000.0
157,Bhutan,1991,465.3885839,0.0,61410000.0
158,Bhutan,1992,471.8392542,0.0,56160000.0
159,Bhutan,1993,449.688254,0.0,65150000.0
160,Bhutan,1994,524.2981458,0.0,75100000.0
161,Bhutan,1995,588.5939027,0.0,73220000.0
162,Bhutan,1996,609.3430176,0.0,59520000.0
163,Bhutan,1997,692.1262064,0.0,66020000.0
164,Bhutan,1998,695.2902533,0.0,56220000.0
165,Bhutan,1999,751.5757717,0.0,67160000.0
166,Bhutan,2000,765.8632358,0.0,53390000.0
167,Bhutan,2001,807.9387673,0.0,60780000.0
168,Bhutan,2002,885.6382245,0.0,73400000.0
169,Bhutan,2003,997.7417141,0.0,76900000.0
170,Bhutan,2004,1097.457088,0.0,78260000.0
171,Bhutan,2005,1247.061392,52.81469,90100000.0
172,Bhutan,2006,1335.456906,52.81469,95720000.0
173,Bhutan,2007,1741.142552,52.81469,90940000.0
174,Bhutan,2008,1795.181307,52.81469,85080000.0
175,Bhutan,2009,1770.234497,52.81469,127310000.0
176,Bhutan,2010,2178.921383,52.81469,131380000.0
177,Bhutan,2011,2458.045976,52.81469,141220000.0
178,Bhutan,2012,2422.008016,57.0336,161650000.0
179,Bhutan,2013,2350.882889,0.0,136800000.0
180,Bhutan,2014,2504.717407,0.0,130640000.0
181,Bhutan,2015,2615.31022,0.0,97280000.0
182,Burkina Faso,1990,351.9793229,0.0,326530000.0
183,Burkina Faso,1991,346.4106724,13.56923,419650000.0
184,Burkina Faso,1992,240.963481,0.0,433380000.0
185,Burkina Faso,1993,244.1270735,0.0,468990000.0
186,Burkina Faso,1994,193.0702363,0.0,433100000.0
187,Burkina Faso,1995,235.8321973,0.0,490450000.0
188,Burkina Faso,1996,249.3602944,12.84817,419240000.0
189,Burkina Faso,1997,229.4931177,0.0,369110000.0
190,Burkina Faso,1998,255.7182334,0.0,400120000.0
191,Burkina Faso,1999,265.3401156,0.0,398760000.0
192,Burkina Faso,2000,226.4759814,0.0,179780000.0
193,Burkina Faso,2001,235.4912324,0.0,390940000.0
194,Burkina Faso,2002,260.7635413,0.0,440270000.0
195,Burkina Faso,2003,332.3443051,21.82292,540840000.0
196,Burkina Faso,2004,371.3230865,0.0,647380000.0
197,Burkina Faso,2005,406.9988071,23.55372,698190000.0
198,Burkina Faso,2006,422.6332374,22.47258,900550000.0
199,Burkina Faso,2007,475.1100122,28.72921,942710000.0
200,Burkina Faso,2008,569.7612784,0.0,1000370000.0
201,Burkina Faso,2009,552.7455521,0.0,1083700000.0
202,Burkina Faso,2010,575.4464527,0.0,1044610000.0
203,Burkina Faso,2011,666.8404101,0.0,981980000.0
204,Burkina Faso,2012,673.8228182,0.0,1151640000.0
205,Burkina Faso,2013,699.781537,0.0,1045220000.0
206,Burkina Faso,2014,703.8216565,34.5994,1123510000.0
207,Burkina Faso,2015,575.3144542,0.0,997050000.0
208,Burundi,1990,209.0516152,37.38472,262550000.0
209,Burundi,1991,210.6438772,0.0,256400000.0
210,Burundi,1992,191.310913,0.0,309280000.0
211,Burundi,1993,162.635225,0.0,216950000.0
212,Burundi,1994,157.5430015,0.0,311110000.0
213,Burundi,1995,167.7991717,0.0,286950000.0
214,Burundi,1996,143.8532933,0.0,110520000.0
215,Burundi,1997,159.1755281,0.0,56400000.0
216,Burundi,1998,144.4746122,0.0,68750000.0
217,Burundi,1999,128.6964397,0.0,75100000.0
218,Burundi,2000,135.9984455,59.30362,93310000.0
219,Burundi,2001,133.7427689,0.0,139250000.0
220,Burundi,2002,122.4335893,0.0,171910000.0
221,Burundi,2003,112.8493703,0.0,227600000.0
222,Burundi,2004,127.4296648,0.0,358820000.0
223,Burundi,2005,150.5070434,0.0,365580000.0
224,Burundi,2006,165.8794176,0.0,432020000.0
225,Burundi,2007,170.7999005,0.0,480000000.0
226,Burundi,2008,196.2472628,48.08406,523240000.0
227,Burundi,2009,204.9446502,0.0,561480000.0
228,Burundi,2010,231.1943256,0.0,627910000.0
229,Burundi,2011,260.4799073,0.0,571770000.0
230,Burundi,2012,265.2856051,0.0,523260000.0
231,Burundi,2013,282.7555252,0.0,558830000.0
232,Burundi,2014,312.7489794,61.56973,515400000.0
233,Burundi,2015,300.6765569,0.0,366540000.0
234,Cambodia,1990,0.0,0.0,41310000.0
235,Cambodia,1991,0.0,0.0,89710000.0
236,Cambodia,1992,0.0,0.0,200520000.0
237,Cambodia,1993,254.1791425,0.0,300510000.0
238,Cambodia,1994,270.6091637,0.0,313350000.0
239,Cambodia,1995,323.0099928,0.0,551000000.0
240,Cambodia,1996,319.3632544,0.0,416530000.0
241,Cambodia,1997,304.837993,0.0,335440000.0
242,Cambodia,1998,269.054641,67.33503,337670000.0
243,Cambodia,1999,295.9735957,0.0,277450000.0
244,Cambodia,2000,300.6850949,0.0,396390000.0
245,Cambodia,2001,321.2263004,0.0,415350000.0
246,Cambodia,2002,339.0676984,0.0,486340000.0
247,Cambodia,2003,362.4213785,0.0,517290000.0
248,Cambodia,2004,408.6105184,73.60995,485770000.0
249,Cambodia,2005,474.2238766,0.0,538570000.0
250,Cambodia,2006,539.8791529,0.0,531400000.0
251,Cambodia,2007,631.675789,0.0,675900000.0
252,Cambodia,2008,745.7877873,77.58654,744230000.0
253,Cambodia,2009,738.2326684,73.90003,721130000.0
254,Cambodia,2010,785.6928841,0.0,733980000.0
255,Cambodia,2011,882.4901462,0.0,792430000.0
256,Cambodia,2012,950.0244132,0.0,807690000.0
257,Cambodia,2013,1028.419568,0.0,808210000.0
258,Cambodia,2014,1098.687123,0.0,802680000.0
259,Cambodia,2015,1163.18977,0.0,677060000.0
260,Central African Republic,1990,490.0745619,0.0,248890000.0
261,Central African Republic,1991,456.8977858,0.0,173440000.0
262,Central African Republic,1992,456.074154,0.0,177650000.0
263,Central African Republic,1993,401.9779716,0.0,171740000.0
264,Central African Republic,1994,260.4835711,0.0,167560000.0
265,Central African Republic,1995,332.6773772,0.0,167780000.0
266,Central African Republic,1996,293.3188854,0.0,169130000.0
267,Central African Republic,1997,266.6076447,0.0,91550000.0
268,Central African Republic,1998,268.9004231,0.0,120620000.0
269,Central African Republic,1999,271.8551165,0.0,118760000.0
270,Central African Republic,2000,243.5429317,50.64517,75900000.0
271,Central African Republic,2001,243.1586486,0.0,76210000.0
272,Central African Republic,2002,253.7068343,0.0,60010000.0
273,Central African Republic,2003,286.2508019,0.0,51500000.0
274,Central African Republic,2004,313.210598,0.0,110060000.0
275,Central African Republic,2005,327.1149461,0.0,88970000.0
276,Central African Republic,2006,347.6073678,0.0,133590000.0
277,Central African Republic,2007,397.1480467,0.0,176990000.0
278,Central African Republic,2008,456.8614334,0.0,257350000.0
279,Central African Republic,2009,449.9601839,0.0,239470000.0
280,Central African Republic,2010,446.4434494,36.75261,260990000.0
281,Central African Republic,2011,494.3306779,0.0,268780000.0
282,Central African Republic,2012,486.410114,0.0,228020000.0
283,Central African Republic,2013,337.4849614,0.0,202820000.0
284,Central African Republic,2014,377.1320274,0.0,611010000.0
285,Central African Republic,2015,348.381417,0.0,486940000.0
286,Chad,1990,291.8661593,0.0,310580000.0
287,Chad,1991,305.2216778,0.0,262310000.0
288,Chad,1992,296.3964872,0.0,236700000.0
289,Chad,1993,223.2061727,10.89465,223470000.0
290,Chad,1994,174.2195487,0.0,212290000.0
291,Chad,1995,206.5386927,0.0,235020000.0
292,Chad,1996,221.9742723,0.0,295780000.0
293,Chad,1997,206.1441026,0.0,227960000.0
294,Chad,1998,224.8661479,0.0,174440000.0
295,Chad,1999,190.8359826,0.0,187930000.0
296,Chad,2000,166.0231785,25.65421,131330000.0
297,Chad,2001,197.3156442,0.0,188600000.0
298,Chad,2002,220.8054821,0.0,229250000.0
299,Chad,2003,292.5914364,0.0,251990000.0
300,Chad,2004,454.6765879,28.38143,332080000.0
301,Chad,2005,660.2421396,0.0,386440000.0
302,Chad,2006,712.1847694,0.0,290730000.0
303,Chad,2007,801.683884,0.0,360650000.0
304,Chad,2008,929.7702391,0.0,422230000.0
305,Chad,2009,804.4559039,0.0,558330000.0
306,Chad,2010,896.5697341,0.0,490160000.0
307,Chad,2011,989.2363633,0.0,457360000.0
308,Chad,2012,973.4702574,0.0,474840000.0
309,Chad,2013,986.0103177,0.0,459340000.0
310,Chad,2014,1025.998515,0.0,391930000.0
311,Chad,2015,777.2487051,26.00299,606670000.0
312,Comoros,1990,607.4694013,0.0,44880000.0
313,Comoros,1991,582.3065192,0.0,63300000.0
314,Comoros,1992,609.9032196,0.0,47870000.0
315,Comoros,1993,586.6533885,0.0,48620000.0
316,Comoros,1994,401.8409364,0.0,38700000.0
317,Comoros,1995,487.797973,0.0,41600000.0
318,Comoros,1996,471.721275,0.0,39200000.0
319,Comoros,1997,422.5487938,0.0,30200000.0
320,Comoros,1998,417.928473,0.0,40620000.0
321,Comoros,1999,420.8779342,0.0,22090000.0
322,Comoros,2000,375.8528566,68.48923,19310000.0
323,Comoros,2001,395.9319363,0.0,27670000.0
324,Comoros,2002,433.2691451,0.0,27580000.0
325,Comoros,2003,544.5066526,0.0,24610000.0
326,Comoros,2004,616.4197236,0.0,25880000.0
327,Comoros,2005,621.9033702,0.0,23140000.0
328,Comoros,2006,648.3008717,0.0,32000000.0
329,Comoros,2007,720.7593013,0.0,45050000.0
330,Comoros,2008,795.9705019,0.0,42040000.0
331,Comoros,2009,778.5454199,0.0,50790000.0
332,Comoros,2010,769.1742883,0.0,68330000.0
333,Comoros,2011,829.7586885,0.0,52210000.0
334,Comoros,2012,788.632653,49.19614,98810000.0
335,Comoros,2013,834.3410949,0.0,81230000.0
336,Comoros,2014,852.9543079,0.0,74950000.0
337,Comoros,2015,727.6463868,0.0,65780000.0
338,"Congo, Dem. Rep.",1990,270.1105809,0.0,895790000.0
339,"Congo, Dem. Rep.",1991,253.0421708,0.0,475280000.0
340,"Congo, Dem. Rep.",1992,219.7342375,0.0,268520000.0
341,"Congo, Dem. Rep.",1993,275.7352838,0.0,177820000.0
342,"Congo, Dem. Rep.",1994,144.5206962,0.0,244810000.0
343,"Congo, Dem. Rep.",1995,135.6734781,0.0,194750000.0
344,"Congo, Dem. Rep.",1996,134.939947,0.0,166160000.0
345,"Congo, Dem. Rep.",1997,138.964642,0.0,157880000.0
346,"Congo, Dem. Rep.",1998,138.615476,0.0,127020000.0
347,"Congo, Dem. Rep.",1999,102.6447985,0.0,135510000.0
348,"Congo, Dem. Rep.",2000,405.4696531,0.0,178440000.0
349,"Congo, Dem. Rep.",2001,153.6995733,67.17299,246640000.0
350,"Congo, Dem. Rep.",2002,175.1360715,0.0,1176170000.0
351,"Congo, Dem. Rep.",2003,173.9163518,0.0,5417030000.0
352,"Congo, Dem. Rep.",2004,194.1667863,0.0,1919150000.0
353,"Congo, Dem. Rep.",2005,218.5235092,0.0,1881800000.0
354,"Congo, Dem. Rep.",2006,252.8430454,0.0,2197240000.0
355,"Congo, Dem. Rep.",2007,280.1217437,61.20555,1350840000.0
356,"Congo, Dem. Rep.",2008,318.1201341,0.0,1767600000.0
357,"Congo, Dem. Rep.",2009,0.0,0.0,2357760000.0
358,"Congo, Dem. Rep.",2010,318.0757516,0.0,3483980000.0
359,"Congo, Dem. Rep.",2011,357.4834938,0.0,5526470000.0
360,"Congo, Dem. Rep.",2012,398.1406948,75.01719,2846170000.0
361,"Congo, Dem. Rep.",2013,420.87049,0.0,2584010000.0
362,"Congo, Dem. Rep.",2014,461.5680853,0.0,2400120000.0
363,"Congo, Dem. Rep.",2015,474.9360481,0.0,2599240000.0
364,Djibouti,1990,766.1409545,0.0,207010000.0
365,Djibouti,1991,762.0113217,0.0,107160000.0
366,Djibouti,1992,777.2623296,0.0,112190000.0
367,Djibouti,1993,753.5201889,0.0,134430000.0
368,Djibouti,1994,790.0322652,0.0,128570000.0
369,Djibouti,1995,789.5517691,0.0,105560000.0
370,Djibouti,1996,767.4669289,0.0,97080000.0
371,Djibouti,1997,760.5314478,0.0,85650000.0
372,Djibouti,1998,755.5962418,0.0,80980000.0
373,Djibouti,1999,765.7204882,0.0,75150000.0
374,Djibouti,2000,768.1760767,0.0,72240000.0
375,Djibouti,2001,781.2322196,0.0,59400000.0
376,Djibouti,2002,792.15412,0.0,74100000.0
377,Djibouti,2003,819.974118,0.0,79260000.0
378,Djibouti,2004,864.1847206,0.0,64330000.0
379,Djibouti,2005,904.7297489,0.0,74170000.0
380,Djibouti,2006,965.6693779,0.0,115380000.0
381,Djibouti,2007,1047.586896,0.0,112680000.0
382,Djibouti,2008,1214.077118,0.0,140820000.0
383,Djibouti,2009,1253.657431,0.0,165840000.0
384,Djibouti,2010,1325.990724,0.0,132030000.0
385,Djibouti,2011,1430.986898,0.0,141400000.0
386,Djibouti,2012,1536.150685,0.0,148270000.0
387,Djibouti,2013,1622.637974,0.0,149250000.0
388,Djibouti,2014,1740.915011,0.0,164730000.0
389,Djibouti,2015,1862.167274,0.0,169560000.0
390,Eritrea,1990,0.0,0.0,4500000.0
391,Eritrea,1991,0.0,0.0,0.0
392,Eritrea,1992,152.9867265,0.0,1000000.0
393,Eritrea,1993,150.9730942,0.0,67710000.0
394,Eritrea,1994,172.3215472,0.0,154150000.0
395,Eritrea,1995,187.0504479,0.0,148290000.0
396,Eritrea,1996,222.5454459,0.0,157490000.0
397,Eritrea,1997,217.1509292,0.0,123510000.0
398,Eritrea,1998,231.2266102,0.0,168810000.0
399,Eritrea,1999,208.6209747,0.0,149870000.0
400,Eritrea,2000,208.1969487,0.0,178020000.0
401,Eritrea,2001,215.1392103,0.0,284700000.0
402,Eritrea,2002,201.7687981,52.51395,226670000.0
403,Eritrea,2003,232.7945459,0.0,316960000.0
404,Eritrea,2004,287.4222243,0.0,263520000.0
405,Eritrea,2005,276.7508096,0.0,349740000.0
406,Eritrea,2006,297.8280588,0.0,126190000.0
407,Eritrea,2007,317.3294336,0.0,158530000.0
408,Eritrea,2008,326.0825642,64.66297,145420000.0
409,Eritrea,2009,430.7544499,0.0,142620000.0
410,Eritrea,2010,482.1490904,0.0,162300000.0
411,Eritrea,2011,582.7755302,0.0,133410000.0
412,Eritrea,2012,0.0,0.0,135970000.0
413,Eritrea,2013,0.0,0.0,81310000.0
414,Eritrea,2014,0.0,0.0,82070000.0
415,Eritrea,2015,0.0,0.0,92110000.0
416,Ethiopia,1990,253.1929484,0.0,1009250000.0
417,Ethiopia,1991,270.2443935,0.0,1091870000.0
418,Ethiopia,1992,203.1645022,0.0,1162510000.0
419,Ethiopia,1993,164.9584363,0.0,1081220000.0
420,Ethiopia,1994,124.9830454,27.01136,1063580000.0
421,Ethiopia,1995,133.7288539,0.0,876980000.0
422,Ethiopia,1996,144.5003524,0.0,816500000.0
423,Ethiopia,1997,140.8611257,0.0,578910000.0
424,Ethiopia,1998,124.5056232,0.0,660240000.0
425,Ethiopia,1999,119.1340818,0.0,643290000.0
426,Ethiopia,2000,123.8762057,0.0,687800000.0
427,Ethiopia,2001,120.1789279,0.0,1103600000.0
428,Ethiopia,2002,111.3634356,0.0,1324740000.0
429,Ethiopia,2003,118.8734466,0.0,1621160000.0
430,Ethiopia,2004,135.7623858,35.9,1830300000.0
431,Ethiopia,2005,161.6266248,29.82034,1929120000.0
432,Ethiopia,2006,193.7949056,0.0,2034550000.0
433,Ethiopia,2007,243.3026822,38.99598,2551550000.0
434,Ethiopia,2008,325.3825543,0.0,3316360000.0
435,Ethiopia,2009,379.7566385,0.0,3823760000.0
436,Ethiopia,2010,341.3099092,0.0,3455160000.0
437,Ethiopia,2011,354.8463544,0.0,3492550000.0
438,Ethiopia,2012,468.5067249,0.0,3224480000.0
439,Ethiopia,2013,502.1535887,0.0,3885590000.0
440,Ethiopia,2014,571.1622759,0.0,3584720000.0
441,Ethiopia,2015,645.4650067,0.0,3233990000.0
442,"Gambia, The",1990,345.8558101,0.0,97260000.0
443,"Gambia, The",1991,727.034661,0.0,99540000.0
444,"Gambia, The",1992,729.0418881,0.0,108840000.0
445,"Gambia, The",1993,748.7842096,0.0,84900000.0
446,"Gambia, The",1994,719.9757073,0.0,68890000.0
447,"Gambia, The",1995,737.1787914,0.0,45430000.0
448,"Gambia, The",1996,773.4393371,0.0,36060000.0
449,"Gambia, The",1997,712.3318781,0.0,38900000.0
450,"Gambia, The",1998,723.7948296,0.0,39450000.0
451,"Gambia, The",1999,681.5374179,0.0,34350000.0
452,"Gambia, The",2000,635.5637584,36.81773,49640000.0
453,"Gambia, The",2001,541.0558913,0.0,52730000.0
454,"Gambia, The",2002,440.9474786,0.0,64470000.0
455,"Gambia, The",2003,359.6521781,0.0,63290000.0
456,"Gambia, The",2004,413.8398778,0.0,61340000.0
457,"Gambia, The",2005,432.1929066,0.0,60760000.0
458,"Gambia, The",2006,439.3423673,0.0,75200000.0
459,"Gambia, The",2007,519.0452673,0.0,97200000.0
460,"Gambia, The",2008,607.9479729,0.0,94550000.0
461,"Gambia, The",2009,549.3108283,0.0,125170000.0
462,"Gambia, The",2010,562.4825159,0.0,121100000.0
463,"Gambia, The",2011,514.3738601,0.0,135720000.0
464,"Gambia, The",2012,504.9740098,0.0,138980000.0
465,"Gambia, The",2013,483.4863008,41.95005,115680000.0
466,"Gambia, The",2014,434.4656471,0.0,101530000.0
467,"Gambia, The",2015,458.9690025,0.0,107850000.0
468,Guinea,1990,441.4127933,0.0,291580000.0
469,Guinea,1991,472.9737936,0.0,377520000.0
470,Guinea,1992,485.9748491,0.0,447280000.0
471,Guinea,1993,457.7628488,0.0,410280000.0
472,Guinea,1994,448.4475642,0.0,358230000.0
473,Guinea,1995,469.2761014,0.0,415920000.0
474,Guinea,1996,475.7463919,20.55375,298060000.0
475,Guinea,1997,453.801151,0.0,381390000.0
476,Guinea,1998,421.9982034,0.0,359570000.0
477,Guinea,1999,399.9739644,0.0,237830000.0
478,Guinea,2000,340.0516918,0.0,153410000.0
479,Guinea,2001,315.8398003,0.0,289250000.0
480,Guinea,2002,322.811171,0.0,254190000.0
481,Guinea,2003,370.1931781,29.70402,250630000.0
482,Guinea,2004,386.3288283,0.0,274810000.0
483,Guinea,2005,303.424498,0.0,192910000.0
484,Guinea,2006,427.0691859,0.0,173120000.0
485,Guinea,2007,622.1516672,0.0,227640000.0
486,Guinea,2008,674.5971068,0.0,332360000.0
487,Guinea,2009,636.2717095,0.0,217660000.0
488,Guinea,2010,635.6714852,25.30774,220970000.0
489,Guinea,2011,614.8694482,0.0,202110000.0
490,Guinea,2012,654.7998027,0.0,607430000.0
491,Guinea,2013,726.0940747,0.0,467540000.0
492,Guinea,2014,744.6823178,32.00386,563180000.0
493,Guinea,2015,725.0646897,0.0,538450000.0
494,Guinea-Bissau,1990,241.002485,0.0,126350000.0
495,Guinea-Bissau,1991,247.9384212,0.0,112820000.0
496,Guinea-Bissau,1992,212.9408099,0.0,107300000.0
497,Guinea-Bissau,1993,217.6075323,0.0,94530000.0
498,Guinea-Bissau,1994,211.5952576,0.0,174360000.0
499,Guinea-Bissau,1995,223.3418401,0.0,117600000.0
500,Guinea-Bissau,1996,233.3095607,0.0,180770000.0
501,Guinea-Bissau,1997,227.638268,0.0,124530000.0
502,Guinea-Bissau,1998,172.0601488,0.0,96010000.0
503,Guinea-Bissau,1999,183.8530105,0.0,52600000.0
504,Guinea-Bissau,2000,297.7519443,41.35777,81070000.0
505,Guinea-Bissau,2001,309.486749,0.0,60690000.0
506,Guinea-Bissau,2002,321.4813204,0.0,59880000.0
507,Guinea-Bissau,2003,360.5718585,0.0,145370000.0
508,Guinea-Bissau,2004,393.3138244,0.0,77850000.0
509,Guinea-Bissau,2005,424.9534585,0.0,66760000.0
510,Guinea-Bissau,2006,418.9445004,0.0,88200000.0
511,Guinea-Bissau,2007,481.0694976,0.0,123430000.0
512,Guinea-Bissau,2008,583.5445622,0.0,135200000.0
513,Guinea-Bissau,2009,544.2220779,0.0,148360000.0
514,Guinea-Bissau,2010,546.7216686,0.0,128130000.0
515,Guinea-Bissau,2011,688.7718197,0.0,121010000.0
516,Guinea-Bissau,2012,604.2683552,0.0,79660000.0
517,Guinea-Bissau,2013,622.1351066,0.0,105630000.0
518,Guinea-Bissau,2014,611.4384267,45.58116,110260000.0
519,Guinea-Bissau,2015,585.2105569,0.0,95080000.0
520,Haiti,1990,0.0,0.0,167390000.0
521,Haiti,1991,479.5492678,0.0,177290000.0
522,Haiti,1992,305.5553692,0.0,100980000.0
523,Haiti,1993,249.4127466,0.0,120650000.0
524,Haiti,1994,282.4227011,0.0,599840000.0
525,Haiti,1995,359.7676569,0.0,722220000.0
526,Haiti,1996,365.0113863,0.0,367310000.0
527,Haiti,1997,411.608644,0.0,324970000.0
528,Haiti,1998,450.9186159,0.0,407170000.0
529,Haiti,1999,494.2324206,0.0,263000000.0
530,Haiti,2000,462.4806524,0.0,208010000.0
531,Haiti,2001,413.7383164,0.0,170330000.0
532,Haiti,2002,393.0163027,0.0,155770000.0
533,Haiti,2003,329.7820946,58.7439,212520000.0
534,Haiti,2004,387.9429725,0.0,298800000.0
535,Haiti,2005,465.3101876,0.0,425810000.0
536,Haiti,2006,505.4706206,48.68502,581480000.0
537,Haiti,2007,615.8198192,0.0,701650000.0
538,Haiti,2008,674.7564147,0.0,912120000.0
539,Haiti,2009,668.2976046,0.0,1122020000.0
540,Haiti,2010,662.2795182,0.0,3037580000.0
541,Haiti,2011,740.9358452,0.0,1691760000.0
542,Haiti,2012,766.8437623,0.0,1273350000.0
543,Haiti,2013,810.2656073,0.0,1152130000.0
544,Haiti,2014,830.1148117,0.0,1082360000.0
545,Haiti,2015,814.5463952,0.0,1042670000.0
546,Kiribati,1990,549.7643854,0.0,20220000.0
547,Kiribati,1991,644.7108451,0.0,19800000.0
548,Kiribati,1992,638.4725668,0.0,26540000.0
549,Kiribati,1993,619.6545734,0.0,15730000.0
550,Kiribati,1994,715.1671148,0.0,15280000.0
551,Kiribati,1995,724.7913054,0.0,15340000.0
552,Kiribati,1996,842.9591391,0.0,12800000.0
553,Kiribati,1997,842.281248,0.0,15680000.0
554,Kiribati,1998,801.1629805,0.0,17380000.0
555,Kiribati,1999,832.0547943,0.0,20930000.0
556,Kiribati,2000,796.7937634,0.0,17940000.0
557,Kiribati,2001,734.9492461,0.0,12430000.0
558,Kiribati,2002,826.585504,0.0,20880000.0
559,Kiribati,2003,1015.038605,0.0,18570000.0
560,Kiribati,2004,1130.602806,0.0,16980000.0
561,Kiribati,2005,1214.556667,0.0,28120000.0
562,Kiribati,2006,1151.555618,0.0,25550000.0
563,Kiribati,2007,1357.632211,0.0,27390000.0
564,Kiribati,2008,1413.30234,0.0,27460000.0
565,Kiribati,2009,1297.285141,0.0,25290000.0
566,Kiribati,2010,1493.16051,0.0,23410000.0
567,Kiribati,2011,1692.613277,0.0,64900000.0
568,Kiribati,2012,1763.815497,0.0,65670000.0
569,Kiribati,2013,1724.361737,0.0,64990000.0
570,Kiribati,2014,1619.342566,0.0,80660000.0
571,Kiribati,2015,1504.715353,0.0,64950000.0
572,Lao PDR,1990,203.2559698,0.0,149070000.0
573,Lao PDR,1991,234.7193694,0.0,139750000.0
574,Lao PDR,1992,250.4922292,0.0,163640000.0
575,Lao PDR,1993,287.1875929,0.0,201030000.0
576,Lao PDR,1994,325.6292418,0.0,215200000.0
577,Lao PDR,1995,363.4716183,60.25133,307910000.0
578,Lao PDR,1996,377.9712559,0.0,332110000.0
579,Lao PDR,1997,345.4969431,0.0,328780000.0
580,Lao PDR,1998,248.5413984,0.0,275780000.0
581,Lao PDR,1999,277.4951028,0.0,294610000.0
582,Lao PDR,2000,324.8450496,69.58312,280890000.0
583,Lao PDR,2001,326.6408434,68.73439,244840000.0
584,Lao PDR,2002,319.8270584,0.0,278080000.0
585,Lao PDR,2003,362.6252958,0.0,301260000.0
586,Lao PDR,2004,417.7516561,0.0,270030000.0
587,Lao PDR,2005,475.4164695,72.70226,297420000.0
588,Lao PDR,2006,590.3013108,0.0,365170000.0
589,Lao PDR,2007,709.767087,0.0,397440000.0
590,Lao PDR,2008,899.4950787,0.0,496590000.0
591,Lao PDR,2009,948.1276421,0.0,417290000.0
592,Lao PDR,2010,1141.127115,0.0,413420000.0
593,Lao PDR,2011,1304.384015,58.28794,399790000.0
594,Lao PDR,2012,1588.633147,0.0,410470000.0
595,Lao PDR,2013,1838.80602,0.0,423330000.0
596,Lao PDR,2014,2017.587781,0.0,474420000.0
597,Lao PDR,2015,2159.433735,0.0,471090000.0
598,Lesotho,1990,371.8442387,0.0,139130000.0
599,Lesotho,1991,430.9096772,0.0,123310000.0
600,Lesotho,1992,498.4844778,0.0,143160000.0
601,Lesotho,1993,491.4205341,0.0,143060000.0
602,Lesotho,1994,506.9977784,0.0,115620000.0
603,Lesotho,1995,568.8163838,0.0,112650000.0
604,Lesotho,1996,529.3669607,0.0,103210000.0
605,Lesotho,1997,551.2410588,0.0,91490000.0
606,Lesotho,1998,506.9946049,0.0,61850000.0
607,Lesotho,1999,493.2493774,0.0,31670000.0
608,Lesotho,2000,474.8197906,86.25443,37170000.0
609,Lesotho,2001,437.8190154,0.0,55550000.0
610,Lesotho,2002,407.8093907,0.0,77000000.0
611,Lesotho,2003,603.6362783,0.0,79130000.0
612,Lesotho,2004,781.5145954,0.0,95310000.0
613,Lesotho,2005,862.9463084,0.0,68440000.0
614,Lesotho,2006,915.7757486,0.0,71190000.0
615,Lesotho,2007,918.5406962,0.0,129290000.0
616,Lesotho,2008,935.3941391,0.0,144710000.0
617,Lesotho,2009,924.1059321,75.8002,122280000.0
618,Lesotho,2010,1169.267842,0.0,256050000.0
619,Lesotho,2011,1350.677653,0.0,256770000.0
620,Lesotho,2012,1281.620558,0.0,276260000.0
621,Lesotho,2013,1192.998772,0.0,320670000.0
622,Lesotho,2014,1218.466106,76.6352,107170000.0
623,Lesotho,2015,1152.319585,0.0,83140000.0
624,Liberia,1990,183.2892117,0.0,113740000.0
625,Liberia,1991,168.9101461,0.0,157630000.0
626,Liberia,1992,110.4942877,0.0,119600000.0
627,Liberia,1993,80.19005643,0.0,122330000.0
628,Liberia,1994,65.67687672,0.0,63400000.0
629,Liberia,1995,65.01141558,0.0,123100000.0
630,Liberia,1996,72.74622475,0.0,172670000.0
631,Liberia,1997,125.4627472,0.0,75690000.0
632,Liberia,1998,140.9609018,0.0,71990000.0
633,Liberia,1999,161.5641221,0.0,93950000.0
634,Liberia,2000,183.4149991,0.0,67420000.0
635,Liberia,2001,174.1815473,0.0,38480000.0
636,Liberia,2002,177.2851087,0.0,54990000.0
637,Liberia,2003,133.4945108,0.0,106780000.0
638,Liberia,2004,149.4452549,0.0,213390000.0
639,Liberia,2005,168.6480254,0.0,222090000.0
640,Liberia,2006,178.927099,0.0,260900000.0
641,Liberia,2007,210.3733292,42.94108,702020000.0
642,Liberia,2008,232.061732,0.0,1250410000.0
643,Liberia,2009,303.0667491,0.0,510750000.0
644,Liberia,2010,327.4205097,0.0,1414450000.0
645,Liberia,2011,379.6895803,0.0,762250000.0
646,Liberia,2012,415.0361958,0.0,566710000.0
647,Liberia,2013,454.1222236,0.0,535930000.0
648,Liberia,2014,458.4651734,0.0,749610000.0
649,Liberia,2015,452.0380717,0.0,1094460000.0
650,Madagascar,1990,265.6761189,0.0,396960000.0
651,Madagascar,1991,222.1537443,0.0,455110000.0
652,Madagascar,1992,245.8643162,0.0,361550000.0
653,Madagascar,1993,265.9345074,0.0,361220000.0
654,Madagascar,1994,227.8369055,0.0,288140000.0
655,Madagascar,1995,234.4940582,0.0,299410000.0
656,Madagascar,1996,287.3565596,0.0,354690000.0
657,Madagascar,1997,247.1294102,0.0,837670000.0
658,Madagascar,1998,252.4652058,0.0,484670000.0
659,Madagascar,1999,243.2527515,0.0,362390000.0
660,Madagascar,2000,245.9390659,70.68617,324480000.0
661,Madagascar,2001,278.5557032,0.0,374530000.0
662,Madagascar,2002,262.2859481,0.0,373940000.0
663,Madagascar,2003,316.7998965,0.0,545360000.0
664,Madagascar,2004,245.1235876,0.0,1252520000.0
665,Madagascar,2005,274.8197023,0.0,916150000.0
666,Madagascar,2006,292.1507443,0.0,784410000.0
667,Madagascar,2007,377.8482928,0.0,896830000.0
668,Madagascar,2008,470.733254,0.0,847200000.0
669,Madagascar,2009,415.6893226,64.48091,434440000.0
670,Madagascar,2010,412.7309341,0.0,477160000.0
671,Madagascar,2011,454.963464,0.0,447130000.0
672,Madagascar,2012,443.9061001,71.57262,368490000.0
673,Madagascar,2013,461.7230722,0.0,499280000.0
674,Madagascar,2014,452.4631926,0.0,586240000.0
675,Madagascar,2015,402.0883072,0.0,677010000.0
676,Malawi,1990,199.287272,0.0,500360000.0
677,Malawi,1991,228.5552393,0.0,549570000.0
678,Malawi,1992,184.9518703,0.0,578040000.0
679,Malawi,1993,212.246564,0.0,497340000.0
680,Malawi,1994,120.6292554,0.0,471140000.0
681,Malawi,1995,141.0275216,0.0,435140000.0
682,Malawi,1996,225.626776,0.0,492540000.0
683,Malawi,1997,256.5280662,0.0,344100000.0
684,Malawi,1998,163.5335889,64.13425,434680000.0
685,Malawi,1999,160.7988768,0.0,446780000.0
686,Malawi,2000,153.2594872,0.0,448150000.0
687,Malawi,2001,146.7615397,0.0,411100000.0
688,Malawi,2002,290.9798977,0.0,379740000.0
689,Malawi,2003,260.1052517,0.0,519570000.0
690,Malawi,2004,274.2256294,0.0,507420000.0
691,Malawi,2005,280.3673842,0.0,573650000.0
692,Malawi,2006,297.6971211,0.0,722870000.0
693,Malawi,2007,320.2227274,0.0,743950000.0
694,Malawi,2008,372.842678,0.0,925330000.0
695,Malawi,2009,420.7379657,0.0,774180000.0
696,Malawi,2010,458.8681744,61.30972,1017160000.0
697,Malawi,2011,512.1254051,0.0,797450000.0
698,Malawi,2012,374.5018802,0.0,1170090000.0
699,Malawi,2013,332.9223039,0.0,1132670000.0
700,Malawi,2014,354.7253961,65.14537,931450000.0
701,Malawi,2015,362.6575444,62.14354,1049390000.0
702,Mali,1990,316.8165941,0.0,479170000.0
703,Mali,1991,314.8369994,0.0,449680000.0
704,Mali,1992,319.191412,0.0,429690000.0
705,Mali,1993,309.515078,0.0,369960000.0
706,Mali,1994,222.5767979,0.0,440150000.0
707,Mali,1995,281.7886811,0.0,540410000.0
708,Mali,1996,282.081344,0.0,490170000.0
709,Mali,1997,266.668047,0.0,429330000.0
710,Mali,1998,281.3221274,19.04497,346820000.0
711,Mali,1999,322.53868,0.0,354390000.0
712,Mali,2000,269.3483829,0.0,288040000.0
713,Mali,2001,306.8473237,0.0,351740000.0
714,Mali,2002,334.2024016,0.0,420480000.0
715,Mali,2003,391.7912801,24.0,556230000.0
716,Mali,2004,439.3572924,0.0,585300000.0
717,Mali,2005,487.9402556,0.0,724590000.0
718,Mali,2006,521.6425796,26.17655,869200000.0
719,Mali,2007,595.6368319,0.0,1021020000.0
720,Mali,2008,689.6784228,0.0,967390000.0
721,Mali,2009,697.0153124,0.0,984660000.0
722,Mali,2010,708.3707632,31.09975,1091460000.0
723,Mali,2011,835.0889098,33.56094,1267630000.0
724,Mali,2012,777.3476868,0.0,995580000.0
725,Mali,2013,803.8935757,0.0,1397560000.0
726,Mali,2014,848.2279485,0.0,1235920000.0
727,Mali,2015,749.9501571,33.06889,1200450000.0
728,Mozambique,1990,189.6245382,0.0,997510000.0
729,Mozambique,1991,240.1242747,0.0,1065100000.0
730,Mozambique,1992,162.8269598,0.0,1459680000.0
731,Mozambique,1993,163.6143937,0.0,1176960000.0
732,Mozambique,1994,161.7048809,0.0,1199940000.0
733,Mozambique,1995,160.0176177,0.0,1063390000.0
734,Mozambique,1996,216.8754283,0.0,886730000.0
735,Mozambique,1997,253.1096478,38.70788,948210000.0
736,Mozambique,1998,284.373291,0.0,1039950000.0
737,Mozambique,1999,301.539472,0.0,818670000.0
738,Mozambique,2000,277.6486591,0.0,907390000.0
739,Mozambique,2001,256.4414872,0.0,961470000.0
740,Mozambique,2002,262.8840551,0.0,2217370000.0
741,Mozambique,2003,283.8911588,48.15884,1049520000.0
742,Mozambique,2004,336.3318145,0.0,1244290000.0
743,Mozambique,2005,369.1545359,0.0,1289860000.0
744,Mozambique,2006,385.7567141,0.0,1641940000.0
745,Mozambique,2007,422.1461573,0.0,1772950000.0
746,Mozambique,2008,503.1277109,0.0,1993080000.0
747,Mozambique,2009,463.852618,50.58381,2013600000.0
748,Mozambique,2010,419.2258149,0.0,1943140000.0
749,Mozambique,2011,526.5313517,0.0,2065470000.0
750,Mozambique,2012,566.0513873,0.0,2071700000.0
751,Mozambique,2013,605.9856081,0.0,2312700000.0
752,Mozambique,2014,623.2871141,0.0,2106010000.0
753,Mozambique,2015,528.3139758,0.0,1815030000.0
754,Myanmar,1990,0.0,0.0,160770000.0
755,Myanmar,1991,0.0,0.0,177010000.0
756,Myanmar,1992,0.0,0.0,113980000.0
757,Myanmar,1993,0.0,0.0,100150000.0
758,Myanmar,1994,0.0,0.0,167070000.0
759,Myanmar,1995,0.0,0.0,150160000.0
760,Myanmar,1996,0.0,0.0,38920000.0
761,Myanmar,1997,0.0,0.0,49380000.0
762,Myanmar,1998,0.0,0.0,72140000.0
763,Myanmar,1999,0.0,0.0,81050000.0
764,Myanmar,2000,193.1874804,89.94176,105640000.0
765,Myanmar,2001,138.9249275,0.0,125670000.0
766,Myanmar,2002,143.7760051,0.0,119030000.0
767,Myanmar,2003,219.782326,0.0,125020000.0
768,Myanmar,2004,219.8156688,0.0,123450000.0
769,Myanmar,2005,247.2427006,0.0,144830000.0
770,Myanmar,2006,296.9007284,0.0,145710000.0
771,Myanmar,2007,410.4500001,0.0,195890000.0
772,Myanmar,2008,643.9513703,0.0,534590000.0
773,Myanmar,2009,741.0777116,0.0,355960000.0
774,Myanmar,2010,987.7365832,0.0,354920000.0
775,Myanmar,2011,1186.423937,0.0,379950000.0
776,Myanmar,2012,1175.561788,0.0,504530000.0
777,Myanmar,2013,1171.464477,0.0,3936120000.0
778,Myanmar,2014,1260.422411,0.0,1384510000.0
779,Myanmar,2015,1138.992271,0.0,1168520000.0
780,Nepal,1990,193.4761241,0.0,422840000.0
781,Nepal,1991,203.7653978,32.97559,448760000.0
782,Nepal,1992,172.0062101,0.0,430870000.0
783,Nepal,1993,180.109746,0.0,363410000.0
784,Nepal,1994,194.8890676,0.0,446620000.0
785,Nepal,1995,205.6938414,0.0,429560000.0
786,Nepal,1996,206.4330066,0.0,389230000.0
787,Nepal,1997,219.684466,0.0,401870000.0
788,Nepal,1998,212.4689465,0.0,400860000.0
789,Nepal,1999,215.9805921,0.0,348500000.0
790,Nepal,2000,231.4255004,0.0,386420000.0
791,Nepal,2001,248.6183539,48.60897,388990000.0
792,Nepal,2002,246.3075621,0.0,342910000.0
793,Nepal,2003,253.7200412,0.0,464480000.0
794,Nepal,2004,287.4001056,0.0,425940000.0
795,Nepal,2005,317.089198,0.0,423130000.0
796,Nepal,2006,348.6314534,0.0,527670000.0
797,Nepal,2007,393.8843518,0.0,604410000.0
798,Nepal,2008,473.8444409,0.0,697020000.0
799,Nepal,2009,480.7200909,0.0,853750000.0
800,Nepal,2010,592.1835216,0.0,814400000.0
801,Nepal,2011,692.1166842,59.62725,886630000.0
802,Nepal,2012,681.7925868,0.0,769680000.0
803,Nepal,2013,688.6172788,0.0,873330000.0
804,Nepal,2014,706.2386977,0.0,883820000.0
805,Nepal,2015,747.1604624,0.0,1215760000.0
806,Niger,1990,309.5864642,0.0,387590000.0
807,Niger,1991,281.3964667,0.0,369560000.0
808,Niger,1992,274.2860354,0.0,356710000.0
809,Niger,1993,181.6903803,0.0,338520000.0
810,Niger,1994,170.8094085,0.0,372950000.0
811,Niger,1995,198.4528096,0.0,272390000.0
812,Niger,1996,202.4214038,0.0,252060000.0
813,Niger,1997,181.2955353,0.0,333230000.0
814,Niger,1998,196.7250241,0.0,292340000.0
815,Niger,1999,184.3464766,0.0,187270000.0
816,Niger,2000,158.4055972,0.0,209210000.0
817,Niger,2001,165.2507247,14.37604,258980000.0
818,Niger,2002,177.8208384,0.0,295810000.0
819,Niger,2003,215.8050408,0.0,481020000.0
820,Niger,2004,232.5661574,0.0,548680000.0
821,Niger,2005,250.0383731,28.67242,523090000.0
822,Niger,2006,258.0463873,0.0,541940000.0
823,Niger,2007,292.55962,0.0,545970000.0
824,Niger,2008,354.8185998,0.0,615450000.0
825,Niger,2009,341.2894618,0.0,470630000.0
826,Niger,2010,348.151511,0.0,741380000.0
827,Niger,2011,375.5819866,0.0,644670000.0
828,Niger,2012,391.5155024,15.4567,891140000.0
829,Niger,2013,416.1400838,0.0,797300000.0
830,Niger,2014,429.790889,0.0,917780000.0
831,Niger,2015,362.7521263,0.0,865870000.0
832,Rwanda,1990,352.4401342,0.0,287920000.0
833,Rwanda,1991,271.0814379,57.85349,359160000.0
834,Rwanda,1992,302.7561645,0.0,348930000.0
835,Rwanda,1993,312.9451551,0.0,353910000.0
836,Rwanda,1994,125.4994918,0.0,711750000.0
837,Rwanda,1995,218.2047893,0.0,694700000.0
838,Rwanda,1996,226.0501885,0.0,465310000.0
839,Rwanda,1997,283.8776235,0.0,229730000.0
840,Rwanda,1998,281.7841627,0.0,350130000.0
841,Rwanda,1999,239.3781268,0.0,373140000.0
842,Rwanda,2000,216.172747,64.8886,321460000.0
843,Rwanda,2001,201.0569654,0.0,304660000.0
844,Rwanda,2002,196.5097078,0.0,359590000.0
845,Rwanda,2003,212.6619491,0.0,335960000.0
846,Rwanda,2004,236.9114381,0.0,491140000.0
847,Rwanda,2005,287.0931877,0.0,572710000.0
848,Rwanda,2006,342.3656294,0.0,605390000.0
849,Rwanda,2007,404.8533039,0.0,720060000.0
850,Rwanda,2008,500.6687264,0.0,935500000.0
851,Rwanda,2009,539.1538211,0.0,934250000.0
852,Rwanda,2010,563.4910487,65.85227,1033090000.0
853,Rwanda,2011,617.3107648,0.0,1262830000.0
854,Rwanda,2012,678.0796973,68.33103,878640000.0
855,Rwanda,2013,688.8768557,0.0,1086290000.0
856,Rwanda,2014,706.5699517,0.0,1035030000.0
857,Rwanda,2015,710.3483907,0.0,1081720000.0
858,Sao Tome and Principe,1990,0.0,0.0,54120000.0
859,Sao Tome and Principe,1991,0.0,73.24242,51010000.0
860,Sao Tome and Principe,1992,0.0,0.0,56430000.0
861,Sao Tome and Principe,1993,0.0,0.0,46490000.0
862,Sao Tome and Principe,1994,0.0,0.0,49930000.0
863,Sao Tome and Principe,1995,0.0,0.0,84090000.0
864,Sao Tome and Principe,1996,0.0,0.0,47400000.0
865,Sao Tome and Principe,1997,0.0,0.0,33420000.0
866,Sao Tome and Principe,1998,0.0,0.0,28060000.0
867,Sao Tome and Principe,1999,0.0,0.0,27520000.0
868,Sao Tome and Principe,2000,0.0,0.0,34940000.0
869,Sao Tome and Principe,2001,510.0216381,84.90851,38180000.0
870,Sao Tome and Principe,2002,555.8185378,0.0,26090000.0
871,Sao Tome and Principe,2003,649.3402153,0.0,37850000.0
872,Sao Tome and Principe,2004,693.3045683,0.0,33680000.0
873,Sao Tome and Principe,2005,810.860157,0.0,32700000.0
874,Sao Tome and Principe,2006,843.8009447,0.0,23060000.0
875,Sao Tome and Principe,2007,894.0927988,0.0,51090000.0
876,Sao Tome and Principe,2008,1126.462102,69.53639,47330000.0
877,Sao Tome and Principe,2009,1099.571046,0.0,30510000.0
878,Sao Tome and Principe,2010,1129.754961,0.0,50230000.0
879,Sao Tome and Principe,2011,1304.326189,0.0,73430000.0
880,Sao Tome and Principe,2012,1380.949959,90.1431,50660000.0
881,Sao Tome and Principe,2013,1619.532678,0.0,53750000.0
882,Sao Tome and Principe,2014,1824.160311,0.0,41380000.0
883,Sao Tome and Principe,2015,1615.320711,0.0,48950000.0
884,Senegal,1990,756.6085301,0.0,811730000.0
885,Senegal,1991,721.1150526,0.0,627520000.0
886,Senegal,1992,747.8320019,0.0,662380000.0
887,Senegal,1993,686.4979804,0.0,493120000.0
888,Senegal,1994,455.4885004,0.0,635490000.0
889,Senegal,1995,557.7842575,0.0,652340000.0
890,Senegal,1996,564.4959826,0.0,573880000.0
891,Senegal,1997,508.0726031,0.0,424530000.0
892,Senegal,1998,534.0979161,0.0,502080000.0
893,Senegal,1999,533.2851225,0.0,535980000.0
894,Senegal,2000,473.4500338,0.0,432150000.0
895,Senegal,2001,481.2870397,0.0,423580000.0
896,Senegal,2002,513.026227,39.27525,445280000.0
897,Senegal,2003,642.7663113,0.0,458280000.0
898,Senegal,2004,733.0581811,0.0,1066340000.0
899,Senegal,2005,773.8698713,0.0,701350000.0
900,Senegal,2006,809.8038296,41.89115,869360000.0
901,Senegal,2007,950.3978522,0.0,865350000.0
902,Senegal,2008,1101.202117,0.0,1065820000.0
903,Senegal,2009,1021.037864,49.69513,1017990000.0
904,Senegal,2010,1002.52994,0.0,936400000.0
905,Senegal,2011,1081.939254,52.05196,1054600000.0
906,Senegal,2012,1038.077646,0.0,1075780000.0
907,Senegal,2013,1051.750745,42.8175,994480000.0
908,Senegal,2014,1052.127482,0.0,1108750000.0
909,Senegal,2015,910.7747772,0.0,879200000.0
910,Sierra Leone,1990,150.6511518,0.0,59320000.0
911,Sierra Leone,1991,179.8336359,0.0,103270000.0
912,Sierra Leone,1992,156.9951224,0.0,133060000.0
913,Sierra Leone,1993,178.4905888,0.0,206470000.0
914,Sierra Leone,1994,212.884373,0.0,273730000.0
915,Sierra Leone,1995,203.6948791,0.0,212270000.0
916,Sierra Leone,1996,219.9124669,0.0,182520000.0
917,Sierra Leone,1997,197.4746069,0.0,118010000.0
918,Sierra Leone,1998,154.4397334,0.0,106530000.0
919,Sierra Leone,1999,150.8369725,0.0,73730000.0
920,Sierra Leone,2000,139.3147734,0.0,180640000.0
921,Sierra Leone,2001,227.7790471,0.0,334630000.0
922,Sierra Leone,2002,249.9395402,0.0,383210000.0
923,Sierra Leone,2003,263.7618312,0.0,337170000.0
924,Sierra Leone,2004,263.1045817,34.82679,376230000.0
925,Sierra Leone,2005,287.6891942,0.0,339980000.0
926,Sierra Leone,2006,322.313468,0.0,380340000.0
927,Sierra Leone,2007,358.8274716,0.0,545910000.0
928,Sierra Leone,2008,406.3759178,0.0,379340000.0
929,Sierra Leone,2009,394.5932439,0.0,447290000.0
930,Sierra Leone,2010,405.1284018,0.0,458300000.0
931,Sierra Leone,2011,445.052005,0.0,423890000.0
932,Sierra Leone,2012,561.8984239,0.0,439750000.0
933,Sierra Leone,2013,710.8186998,32.42617,449070000.0
934,Sierra Leone,2014,708.4427474,0.0,914140000.0
935,Sierra Leone,2015,587.5162611,0.0,946390000.0
936,Solomon Islands,1990,970.0969308,0.0,45660000.0
937,Solomon Islands,1991,998.7594523,0.0,36610000.0
938,Solomon Islands,1992,1147.975764,0.0,45570000.0
939,Solomon Islands,1993,1210.534609,0.0,56130000.0
940,Solomon Islands,1994,1330.822932,0.0,47890000.0
941,Solomon Islands,1995,1445.706999,0.0,47690000.0
942,Solomon Islands,1996,1529.664872,0.0,42620000.0
943,Solomon Islands,1997,1494.733483,0.0,41770000.0
944,Solomon Islands,1998,1206.157561,0.0,42630000.0
945,Solomon Islands,1999,1200.917702,76.6,39670000.0
946,Solomon Islands,2000,1054.518572,0.0,68250000.0
947,Solomon Islands,2001,944.81684,0.0,58770000.0
948,Solomon Islands,2002,784.9562874,0.0,26180000.0
949,Solomon Islands,2003,744.7657423,0.0,60140000.0
950,Solomon Islands,2004,818.442619,0.0,121320000.0
951,Solomon Islands,2005,880.8748508,0.0,198400000.0
952,Solomon Islands,2006,948.6592511,0.0,204640000.0
953,Solomon Islands,2007,1046.931125,0.0,246180000.0
954,Solomon Islands,2008,1205.791067,0.0,224310000.0
955,Solomon Islands,2009,1158.282672,0.0,204960000.0
956,Solomon Islands,2010,1272.448025,0.0,340490000.0
957,Solomon Islands,2011,1642.837974,0.0,339390000.0
958,Solomon Islands,2012,1858.689868,0.0,305100000.0
959,Solomon Islands,2013,1880.5159,0.0,289830000.0
960,Solomon Islands,2014,2009.652622,0.0,198500000.0
961,Solomon Islands,2015,1922.041388,0.0,190030000.0
962,Somalia,1990,0.0,0.0,514810000.0
963,Somalia,1991,0.0,0.0,186420000.0
964,Somalia,1992,0.0,0.0,653660000.0
965,Somalia,1993,0.0,0.0,892120000.0
966,Somalia,1994,0.0,0.0,535120000.0
967,Somalia,1995,0.0,0.0,187930000.0
968,Somalia,1996,0.0,0.0,88180000.0
969,Somalia,1997,0.0,0.0,81180000.0
970,Somalia,1998,0.0,0.0,81320000.0
971,Somalia,1999,0.0,0.0,115700000.0
972,Somalia,2000,0.0,0.0,102230000.0
973,Somalia,2001,0.0,0.0,149300000.0
974,Somalia,2002,0.0,0.0,152720000.0
975,Somalia,2003,0.0,0.0,176180000.0
976,Somalia,2004,0.0,0.0,201280000.0
977,Somalia,2005,0.0,0.0,240220000.0
978,Somalia,2006,0.0,0.0,396170000.0
979,Somalia,2007,0.0,0.0,393740000.0
980,Somalia,2008,0.0,0.0,765870000.0
981,Somalia,2009,0.0,0.0,661640000.0
982,Somalia,2010,0.0,0.0,505680000.0
983,Somalia,2011,0.0,0.0,1098980000.0
984,Somalia,2012,0.0,0.0,990460000.0
985,Somalia,2013,407.5432354,0.0,1054580000.0
986,Somalia,2014,417.8900143,0.0,1109580000.0
987,Somalia,2015,426.0098537,0.0,1253550000.0
988,South Sudan,1990,0.0,0.0,0.0
989,South Sudan,1991,0.0,0.0,0.0
990,South Sudan,1992,0.0,0.0,0.0
991,South Sudan,1993,0.0,0.0,0.0
992,South Sudan,1994,0.0,0.0,0.0
993,South Sudan,1995,0.0,0.0,0.0
994,South Sudan,1996,0.0,0.0,0.0
995,South Sudan,1997,0.0,0.0,0.0
996,South Sudan,1998,0.0,0.0,0.0
997,South Sudan,1999,0.0,0.0,0.0
998,South Sudan,2000,0.0,0.0,0.0
999,South Sudan,2001,0.0,0.0,0.0
1000,South Sudan,2002,0.0,0.0,0.0
1001,South Sudan,2003,0.0,0.0,0.0
1002,South Sudan,2004,0.0,0.0,0.0
1003,South Sudan,2005,0.0,0.0,0.0
1004,South Sudan,2006,0.0,0.0,0.0
1005,South Sudan,2007,0.0,0.0,0.0
1006,South Sudan,2008,1678.711862,26.83128,0.0
1007,South Sudan,2009,1264.789908,0.0,0.0
1008,South Sudan,2010,1562.239346,0.0,0.0
1009,South Sudan,2011,1706.090713,0.0,435830000.0
1010,South Sudan,2012,958.4550081,0.0,1186260000.0
1011,South Sudan,2013,1186.101325,0.0,1399300000.0
1012,South Sudan,2014,1151.861715,0.0,1964120000.0
1013,South Sudan,2015,758.7205782,0.0,1674830000.0
1014,Sudan,1990,478.8012635,0.0,848240000.0
1015,Sudan,1991,427.8063438,0.0,867110000.0
1016,Sudan,1992,257.651551,0.0,536310000.0
1017,Sudan,1993,316.9027309,0.0,447900000.0
1018,Sudan,1994,444.5573291,0.0,408290000.0
1019,Sudan,1995,467.8137011,0.0,237430000.0
1020,Sudan,1996,296.8743719,0.0,218100000.0
1021,Sudan,1997,374.1136199,0.0,138940000.0
1022,Sudan,1998,350.4396796,0.0,211210000.0
1023,Sudan,1999,323.5717952,0.0,246340000.0
1024,Sudan,2000,361.0305843,61.34587,225290000.0
1025,Sudan,2001,377.5254454,0.0,192260000.0
1026,Sudan,2002,412.1517561,0.0,304930000.0
1027,Sudan,2003,477.7384078,0.0,620230000.0
1028,Sudan,2004,565.0569459,0.0,994580000.0
1029,Sudan,2005,679.7539949,0.0,1826110000.0
1030,Sudan,2006,893.8793645,0.0,2048440000.0
1031,Sudan,2007,1115.6952,0.0,2120590000.0
1032,Sudan,2008,1291.528826,53.51738,2566430000.0
1033,Sudan,2009,1226.884381,0.0,2352470000.0
1034,Sudan,2010,1476.478087,0.0,2025850000.0
1035,Sudan,2011,1666.857757,0.0,1742400000.0
1036,Sudan,2012,1892.894352,0.0,1369130000.0
1037,Sudan,2013,1955.660799,0.0,1507330000.0
1038,Sudan,2014,2176.898029,0.0,874800000.0
1039,Sudan,2015,2513.884661,0.0,899900000.0
1040,Timor-Leste,1990,0.0,0.0,100000.0
1041,Timor-Leste,1991,0.0,0.0,940000.0
1042,Timor-Leste,1992,0.0,0.0,130000.0
1043,Timor-Leste,1993,0.0,0.0,420000.0
1044,Timor-Leste,1994,0.0,0.0,230000.0
1045,Timor-Leste,1995,0.0,0.0,20000.0
1046,Timor-Leste,1996,0.0,0.0,80000.0
1047,Timor-Leste,1997,0.0,0.0,430000.0
1048,Timor-Leste,1998,0.0,0.0,1670000.0
1049,Timor-Leste,1999,0.0,0.0,152820000.0
1050,Timor-Leste,2000,402.0066527,0.0,231270000.0
1051,Timor-Leste,2001,481.2947703,37.6,194170000.0
1052,Timor-Leste,2002,457.7900166,0.0,219050000.0
1053,Timor-Leste,2003,448.0615951,0.0,175030000.0
1054,Timor-Leste,2004,444.3430043,0.0,161240000.0
1055,Timor-Leste,2005,454.5957016,0.0,184620000.0
1056,Timor-Leste,2006,419.622201,0.0,209140000.0
1057,Timor-Leste,2007,498.8491398,50.6,278340000.0
1058,Timor-Leste,2008,611.7759685,0.0,277700000.0
1059,Timor-Leste,2009,719.7315431,0.0,216600000.0
1060,Timor-Leste,2010,806.0627745,58.30898,291460000.0
1061,Timor-Leste,2011,931.0460326,0.0,278710000.0
1062,Timor-Leste,2012,1027.784502,0.0,283640000.0
1063,Timor-Leste,2013,1190.510366,0.0,258570000.0
1064,Timor-Leste,2014,1196.061391,0.0,249540000.0
1065,Timor-Leste,2015,1294.54454,0.0,212290000.0
1066,Togo,1990,430.0114381,0.0,258240000.0
1067,Togo,1991,412.722312,0.0,199270000.0
1068,Togo,1992,426.0809921,0.0,222430000.0
1069,Togo,1993,303.4487827,0.0,95820000.0
1070,Togo,1994,236.0011558,0.0,124650000.0
1071,Togo,1995,306.3583371,0.0,191340000.0
1072,Togo,1996,333.189857,0.0,155400000.0
1073,Togo,1997,330.5621437,0.0,125130000.0
1074,Togo,1998,339.2473068,0.0,128460000.0
1075,Togo,1999,326.6040699,0.0,71530000.0
1076,Togo,2000,260.3932935,53.1776,69630000.0
1077,Togo,2001,260.6394652,0.0,46090000.0
1078,Togo,2002,280.8032123,0.0,51130000.0
1079,Togo,2003,310.4370144,0.0,50090000.0
1080,Togo,2004,349.9937253,0.0,65130000.0
1081,Togo,2005,372.1721837,0.0,82610000.0
1082,Togo,2006,377.336029,56.88837,79830000.0
1083,Togo,2007,420.7604743,0.0,122490000.0
1084,Togo,2008,513.391914,0.0,330140000.0
1085,Togo,2009,499.6468713,57.09338,494520000.0
1086,Togo,2010,487.9238913,0.0,403380000.0
1087,Togo,2011,562.3393592,60.40994,542380000.0
1088,Togo,2012,563.6894247,0.0,245080000.0
1089,Togo,2013,579.434805,0.0,226320000.0
1090,Togo,2014,620.1318489,0.0,210960000.0
1091,Togo,2015,551.1308346,63.74562,199620000.0
1092,Tuvalu,1990,980.1674709,0.0,5060000.0
1093,Tuvalu,1991,1034.482041,0.0,5010000.0
1094,Tuvalu,1992,1069.595946,0.0,8060000.0
1095,Tuvalu,1993,1051.85266,0.0,4250000.0
1096,Tuvalu,1994,1184.638255,0.0,7370000.0
1097,Tuvalu,1995,1194.576939,0.0,7850000.0
1098,Tuvalu,1996,1332.63248,0.0,10340000.0
1099,Tuvalu,1997,1369.074641,0.0,10130000.0
1100,Tuvalu,1998,1370.904026,0.0,5190000.0
1101,Tuvalu,1999,1464.648593,0.0,6780000.0
1102,Tuvalu,2000,1458.817097,0.0,4030000.0
1103,Tuvalu,2001,1387.357543,0.0,9510000.0
1104,Tuvalu,2002,1603.631992,0.0,11710000.0
1105,Tuvalu,2003,1866.599625,0.0,6310000.0
1106,Tuvalu,2004,2176.564747,0.0,8070000.0
1107,Tuvalu,2005,2178.02921,0.0,9120000.0
1108,Tuvalu,2006,2259.333279,0.0,15410000.0
1109,Tuvalu,2007,2638.911845,0.0,11810000.0
1110,Tuvalu,2008,2929.42164,0.0,16200000.0
1111,Tuvalu,2009,2595.639908,0.0,17710000.0
1112,Tuvalu,2010,3021.889528,0.0,14010000.0
1113,Tuvalu,2011,3698.910096,0.0,38910000.0
1114,Tuvalu,2012,3718.018711,0.0,25480000.0
1115,Tuvalu,2013,3542.135089,0.0,27590000.0
1116,Tuvalu,2014,3415.813158,0.0,34300000.0
1117,Tuvalu,2015,2970.027974,0.0,49650000.0
1118,Uganda,1990,246.8273307,0.0,663100000.0
1119,Uganda,1991,184.126852,56.10738,663280000.0
1120,Uganda,1992,153.1911684,0.0,724950000.0
1121,Uganda,1993,167.0748918,0.0,609990000.0
1122,Uganda,1994,200.4472479,0.0,751970000.0
1123,Uganda,1995,280.0845471,0.0,833960000.0
1124,Uganda,1996,285.0934669,0.0,674880000.0
1125,Uganda,1997,286.7169623,0.0,813440000.0
1126,Uganda,1998,291.9864072,0.0,658100000.0
1127,Uganda,1999,257.7477999,0.0,607680000.0
1128,Uganda,2000,257.6303609,0.0,855930000.0
1129,Uganda,2001,234.9840775,0.0,828940000.0
1130,Uganda,2002,240.2423229,68.14251,732980000.0
1131,Uganda,2003,237.9995917,0.0,1003710000.0
1132,Uganda,2004,288.0236949,0.0,1222240000.0
1133,Uganda,2005,315.7880227,0.0,1195330000.0
1134,Uganda,2006,336.4593923,71.37314,1589230000.0
1135,Uganda,2007,401.8508631,0.0,1738140000.0
1136,Uganda,2008,449.6928183,0.0,1643380000.0
1137,Uganda,2009,554.404991,0.0,1786360000.0
1138,Uganda,2010,595.2061732,73.21188,1690140000.0
1139,Uganda,2011,574.9402639,0.0,1572750000.0
1140,Uganda,2012,637.1300089,70.19822,1642500000.0
1141,Uganda,2013,655.0496074,0.0,1699930000.0
1142,Uganda,2014,702.8808064,0.0,1634660000.0
1143,Uganda,2015,674.044972,0.0,1628250000.0
1144,Tanzania,1990,172.0447984,0.0,1163150000.0
1145,Tanzania,1991,193.7400952,0.0,1073000000.0
1146,Tanzania,1992,173.8913828,0.0,1334080000.0
1147,Tanzania,1993,155.5982751,0.0,944430000.0
1148,Tanzania,1994,159.6357424,0.0,963570000.0
1149,Tanzania,1995,180.4650233,0.0,871050000.0
1150,Tanzania,1996,216.9327932,0.0,867210000.0
1151,Tanzania,1997,249.931287,0.0,943850000.0
1152,Tanzania,1998,296.3409541,0.0,1001500000.0
1153,Tanzania,1999,299.7867537,0.0,991940000.0
1154,Tanzania,2000,306.7238273,0.0,1064250000.0
1155,Tanzania,2001,304.339284,0.0,1274900000.0
1156,Tanzania,2002,308.0565528,69.4309,1260430000.0
1157,Tanzania,2003,323.0721066,0.0,1725760000.0
1158,Tanzania,2004,345.189237,0.0,1774200000.0
1159,Tanzania,2005,442.2528543,0.0,1492450000.0
1160,Tanzania,2006,471.5273761,0.0,1887650000.0
1161,Tanzania,2007,528.063562,0.0,2819960000.0
1162,Tanzania,2008,651.2624387,0.0,2330670000.0
1163,Tanzania,2009,658.7579527,0.0,2927780000.0
1164,Tanzania,2010,701.6045501,67.8007,2960310000.0
1165,Tanzania,2011,733.4128065,0.0,2441820000.0
1166,Tanzania,2012,820.1562898,78.10059,2822230000.0
1167,Tanzania,2013,901.7314303,0.0,3433580000.0
1168,Tanzania,2014,950.3743138,0.0,2648730000.0
1169,Tanzania,2015,872.2940933,77.88723,2580470000.0
1170,Vanuatu,1990,1080.222889,0.0,49530000.0
1171,Vanuatu,1991,1252.636231,0.0,52240000.0
1172,Vanuatu,1992,1263.455261,0.0,39830000.0
1173,Vanuatu,1993,1176.870452,0.0,34980000.0
1174,Vanuatu,1994,1335.259799,0.0,41720000.0
1175,Vanuatu,1995,1390.329687,0.0,45580000.0
1176,Vanuatu,1996,1427.10248,0.0,31070000.0
1177,Vanuatu,1997,1462.238195,0.0,27230000.0
1178,Vanuatu,1998,1472.957091,0.0,40710000.0
1179,Vanuatu,1999,1477.841822,74.0,37280000.0
1180,Vanuatu,2000,1469.849149,0.0,45800000.0
1181,Vanuatu,2001,1362.601731,0.0,31620000.0
1182,Vanuatu,2002,1353.934819,0.0,27520000.0
1183,Vanuatu,2003,1580.502724,0.0,32660000.0
1184,Vanuatu,2004,1787.947023,0.0,38200000.0
1185,Vanuatu,2005,1886.433359,0.0,39890000.0
1186,Vanuatu,2006,2047.097823,0.0,49010000.0
1187,Vanuatu,2007,2393.367265,0.0,56840000.0
1188,Vanuatu,2008,2697.961375,0.0,92420000.0
1189,Vanuatu,2009,2643.441423,0.0,100150000.0
1190,Vanuatu,2010,2965.802434,0.0,107860000.0
1191,Vanuatu,2011,3275.091684,0.0,91090000.0
1192,Vanuatu,2012,3158.58688,0.0,101940000.0
1193,Vanuatu,2013,3167.343056,0.0,91340000.0
1194,Vanuatu,2014,3148.365103,0.0,100410000.0
1195,Vanuatu,2015,2805.83414,0.0,186560000.0
1196,"Yemen, Rep.",1990,468.3780079,0.0,449830000.0
1197,"Yemen, Rep.",1991,468.3739664,0.0,296350000.0
1198,"Yemen, Rep.",1992,485.0556996,0.0,253770000.0
1199,"Yemen, Rep.",1993,382.9763204,0.0,313740000.0
1200,"Yemen, Rep.",1994,283.6347307,37.09,171700000.0
1201,"Yemen, Rep.",1995,277.9769717,0.0,171790000.0
1202,"Yemen, Rep.",1996,364.1212046,0.0,252270000.0
1203,"Yemen, Rep.",1997,416.7870194,0.0,355400000.0
1204,"Yemen, Rep.",1998,374.3573128,0.0,394240000.0
1205,"Yemen, Rep.",1999,439.6972109,0.0,460830000.0
1206,"Yemen, Rep.",2000,539.1043652,0.0,312800000.0
1207,"Yemen, Rep.",2001,535.8330521,0.0,371830000.0
1208,"Yemen, Rep.",2002,565.2083683,0.0,216500000.0
1209,"Yemen, Rep.",2003,605.1647335,0.0,244060000.0
1210,"Yemen, Rep.",2004,693.0835669,0.0,266510000.0
1211,"Yemen, Rep.",2005,813.9643857,0.0,296000000.0
1212,"Yemen, Rep.",2006,901.7599875,0.0,287810000.0
1213,"Yemen, Rep.",2007,995.6284828,0.0,242890000.0
1214,"Yemen, Rep.",2008,1203.720733,0.0,429110000.0
1215,"Yemen, Rep.",2009,1093.812918,0.0,559310000.0
1216,"Yemen, Rep.",2010,1309.23196,0.0,667080000.0
1217,"Yemen, Rep.",2011,1349.42025,0.0,477050000.0
1218,"Yemen, Rep.",2012,1420.842721,0.0,710230000.0
1219,"Yemen, Rep.",2013,1580.181601,0.0,1039630000.0
1220,"Yemen, Rep.",2014,1647.033657,0.0,1163450000.0
1221,"Yemen, Rep.",2015,1401.903319,0.0,1531430000.0
1222,Zambia,1990,409.2579854,64.99826,474810000.0
1223,Zambia,1991,410.0718753,0.0,877970000.0
1224,Zambia,1992,376.4574375,0.0,1030780000.0
1225,Zambia,1993,377.5723176,0.0,866920000.0
1226,Zambia,1994,411.0389997,0.0,715130000.0
1227,Zambia,1995,416.6613811,0.0,2030670000.0
1228,Zambia,1996,382.9151113,0.0,608060000.0
1229,Zambia,1997,445.1711797,0.0,609690000.0
1230,Zambia,1998,355.5380307,0.0,348150000.0
1231,Zambia,1999,332.461627,68.00179,623210000.0
1232,Zambia,2000,341.9055625,0.0,794650000.0
1233,Zambia,2001,378.2736238,0.0,570840000.0
1234,Zambia,2002,377.1305244,69.14922,810730000.0
1235,Zambia,2003,429.1583434,0.0,770450000.0
1236,Zambia,2004,530.2772217,0.0,1128450000.0
1237,Zambia,2005,691.3178164,0.0,1169050000.0
1238,Zambia,2006,1030.154199,0.0,1470270000.0
1239,Zambia,2007,1104.587985,61.42829,1006970000.0
1240,Zambia,2008,1369.068249,0.0,1114710000.0
1241,Zambia,2009,1139.110233,0.0,1270820000.0
1242,Zambia,2010,1463.213573,83.00767,919320000.0
1243,Zambia,2011,1644.619672,0.0,1033470000.0
1244,Zambia,2012,1734.930612,0.0,957140000.0
1245,Zambia,2013,1850.793359,0.0,1145390000.0
1246,Zambia,2014,1738.088202,0.0,997730000.0
1247,Zambia,2015,1313.889646,0.0,797140000.0
